"5gram","number of tweets","count"
"总统候选人","6","6"
"野的国民党","4","4"
"石川县能登","4","4"
"湾在野的国","4","4"
"本石川县能","4","4"
"日本石川县","4","4"
"在野的国民","4","4"
"台湾在野的","4","4"
"京羽田机场","4","4"
"东京羽田机","4","4"
"海上保安厅","3","5"
"机在东京羽","3","3"
"本航空公司","3","3"
"日本航空公","3","3"
"在东京羽田","3","3"
"党总统候选","3","3"
"飞机相撞后","2","2"
"飞机在东京","2","2"
"飞机制造商","2","2"
"部分光刻机","2","2"
"部元旦大地","2","2"
"造巨企阿斯","2","2"
"造商空中客","2","2"
"选人赵少康","2","2"
"选人侯友宜","2","2"
"近两年来首","2","2"
"车公司和法","2","2"
"起在桃园机","2","2"
"资于比特币","2","2"
"调查分析局","2","2"
"证专家小组","2","2"
"设备制造巨","2","2"
"落后于中国","2","2"
"获批的预期","2","2"
"荷兰半导体","2","2"
"能登地区发","2","2"
"能登半島地","2","2"
"羽田机场发","2","2"
"羽田机场与","2","2"
"统候选人赵","2","2"
"统候选人侯","2","2"
"给出入境旅","2","2"
"组成的一个","2","2"
"空中客车公","2","2"
"知情人士透","2","2"
"直接投资于","2","2"
"的预期升温","2","2"
"的国民党副","2","2"
"的交易型指","2","2"
"的一个法证","2","2"
"登半島地震","2","2"
"由飞机制造","2","2"
"田机场发生","2","2"
"田机场与一","2","2"
"生部门将从","2","2"
"特币的交易","2","2"
"湾卫生部门","2","2"
"法证专家小","2","2"
"法国民事事","2","2"
"汽车交付量","2","2"
"民党副总统","2","2"
"民事事故调","2","2"
"比特币的交","2","2"
"桃园机场给","2","2"
"架日本航空","2","2"
"来首次突破","2","2"
"机场给出入","2","2"
"机场与一架","2","2"
"机制造商空","2","2"
"本中部元旦","2","2"
"更为无实际","2","2"
"易型指数基","2","2"
"日本中部元","2","2"
"无实际控制","2","2"
"旅客提供快","2","2"
"故调查分析","2","2"
"提供快筛试","2","2"
"接投资于比","2","2"
"投资于比特","2","2"
"批的预期升","2","2"
"成的一个法","2","2"
"情人士透露","2","2"
"应疫情升温","2","2"
"年来首次突","2","2"
"市场对直接","2","2"
"币的交易型","2","2"
"巴克莱分析","2","2"
"巨企阿斯麦","2","2"
"川县能登地","2","2"
"将于星期三","2","2"
"导体设备制","2","2"
"对直接投资","2","2"
"客车公司和","2","2"
"客提供快筛","2","2"
"客和机组人","2","2"
"实际控制人","2","2"
"大陸和台灣","2","2"
"外交部发言","2","2"
"备制造巨企","2","2"
"境旅客提供","2","2"
"型指数基金","2","2"
"场给出入境","2","2"
"场对直接投","2","2"
"在桃园机场","2","2"
"在新年第一","2","2"
"国民党副总","2","2"
"国民事事故","2","2"
"园机场给出","2","2"
"因应疫情升","2","2"
"因市场对直","2","2"
"商空中客车","2","2"
"和法国民事","2","2"
"和机组人员","2","2"
"向中国出口","2","2"
"司和法国民","2","2"
"台湾国防部","2","2"
"台湾卫生部","2","2"
"变更为无实","2","2"
"卫生部门将","2","2"
"半导体设备","2","2"
"副总统候选","2","2"
"制造巨企阿","2","2"
"制造商空中","2","2"
"分光刻机订","2","2"
"出入境旅客","2","2"
"兰半导体设","2","2"
"公司和法国","2","2"
"入境旅客提","2","2"
"党副总统候","2","2"
"克莱分析师","2","2"
"光刻机订单","2","2"
"元旦大地震","2","2"
"候选人赵少","2","2"
"候选人侯友","2","2"
"供快筛试剂","2","2"
"体设备制造","2","2"
"以色列军方","2","2"
"交部发言人","2","2"
"交易型指数","2","2"
"于比特币的","2","2"
"事故调查分","2","2"
"事事故调查","2","2"
"乘客和机组","2","2"
"为无实际控","2","2"
"中部元旦大","2","2"
"中客车公司","2","2"
"个法证专家","2","2"
"两年来首次","2","2"
"一架日本航","2","2"
"一个法证专","2","2"
"銷量同比增","1","3"
"量同比增長","1","3"
"資是日本的","1","2"
"紹興酒嗨棒","1","2"
"約合人民幣","1","2"
"第二家园计","1","2"
"的工資是日","1","2"
"水下無人機","1","2"
"工資是日本","1","2"
"層管理人員","1","2"
"安厅的飞机","1","2"
"台灣對大陸","1","2"
"全固態電池","1","2"
"保安厅飞机","1","2"
"保安厅的飞","1","2"
"二家园计划","1","2"
"上保安厅飞","1","2"
"上保安厅的","1","2"
"齡高的樹木","1","1"
"鼓励市县加","1","1"
"點開展業務","1","1"
"點是分析管","1","1"
"黎巴嫩首都","1","1"
"黄仁勋莫属","1","1"
"麦当劳而已","1","1"
"麦当劳的起","1","1"
"麦当劳日前","1","1"
"麦在出口禁","1","1"
"麦向中国出","1","1"
"麦公司该公","1","1"
"鸿海创办人","1","1"
"鲁特南郊的","1","1"
"高领导人几","1","1"
"高雄市长韩","1","1"
"高铁合肥至","1","1"
"高速增长期","1","1"
"高被引學者","1","1"
"高管理層的","1","1"
"高端芯片制","1","1"
"高的樹木的","1","1"
"高浜核電站","1","1"
"高法院权力","1","1"
"高法院星期","1","1"
"高新員工起","1","1"
"高層管理人","1","1"
"高使节期间","1","1"
"體銷量擴大","1","1"
"驻美国最高","1","1"
"驳麦当劳的","1","1"
"马麦当劳日","1","1"
"马来西亚只","1","1"
"马来西亚反","1","1"
"马来民众表","1","1"
"马斯政治局","1","1"
"马斯办公室","1","1"
"马士基集装","1","1"
"马国永久居","1","1"
"马人到泰国","1","1"
"马人乐意选","1","1"
"驚慌失措大","1","1"
"香港隐藏一","1","1"
"香港经济低","1","1"
"香港消费的","1","1"
"香港人选择","1","1"
"首都贝鲁特","1","1"
"首超特斯拉","1","1"
"首相社德他","1","1"
"首次超過特","1","1"
"首次发生意","1","1"
"首次击杀胡","1","1"
"首架机体全","1","1"
"首李在明在","1","1"
"馆和餐饮服","1","1"
"餐馆和餐饮","1","1"
"餐饮服务中","1","1"
"養動畫師使","1","1"
"飯核電站也","1","1"
"食物从生产","1","1"
"飞机发生爆","1","1"
"飞机中逃生","1","1"
"飞机上的六","1","1"
"飞抵日本协","1","1"
"飛機的通訊","1","1"
"飛機當時已","1","1"
"飛機正在燃","1","1"
"风险难以化","1","1"
"风有雨是常","1","1"
"领总统候选","1","1"
"领导在会上","1","1"
"领导人几乎","1","1"
"预计海试航","1","1"
"预计最新款","1","1"
"项旨在削弱","1","1"
"项变更许可","1","1"
"顶层燃料池","1","1"
"顧客前來辦","1","1"
"領域推廣全","1","1"
"響核電站安","1","1"
"音乐会外发","1","1"
"韩国瑜等人","1","1"
"韩国气象厅","1","1"
"韩国最大在","1","1"
"韩国东部海","1","1"
"韩国东海岸","1","1"
"鞭炮贩卖活","1","1"
"革新党前党","1","1"
"面臨日元升","1","1"
"面的支撑之","1","1"
"面对重重障","1","1"
"面临重重挑","1","1"
"靠近太阳的","1","1"
"非银行支付","1","1"
"非英伟达创","1","1"
"非法鞭炮贩","1","1"
"非同寻常的","1","1"
"非专门针对","1","1"
"青少年足球","1","1"
"霸凌行径违","1","1"
"震至今造成","1","1"
"震目前已造","1","1"
"震的死亡人","1","1"
"震發生安全","1","1"
"震源的石川","1","1"
"震未影響核","1","1"
"震引發的日","1","1"
"震已確認造","1","1"
"震和海嘯的","1","1"
"震发生后余","1","1"
"震中的各县","1","1"
"需选择一个","1","1"
"需要在未来","1","1"
"需求令人失","1","1"
"電量販店和","1","1"
"電站和柏崎","1","1"
"電站也沒有","1","1"
"電站並未因","1","1"
"電池零部件","1","1"
"電池的方針","1","1"
"電動汽車將","1","1"
"電力設在福","1","1"
"電力控股表","1","1"
"電力和東京","1","1"
"零部件和礦","1","1"
"雲杉木是做","1","1"
"離起火飛機","1","1"
"集装箱船的","1","1"
"集权引发了","1","1"
"集团的控制","1","1"
"集团最赚钱","1","1"
"集团上市的","1","1"
"雄市长韩国","1","1"
"隧道和天桥","1","1"
"隐藏一群在","1","1"
"随着交易员","1","1"
"随文章和照","1","1"
"随他而去的","1","1"
"陸電力和東","1","1"
"陸的投資一","1","1"
"陸為據點開","1","1"
"陸投資銳減","1","1"
"陸和台灣優","1","1"
"陸和台灣也","1","1"
"险难以化解","1","1"
"险假装为军","1","1"
"除疫情期間","1","1"
"除了蚂蚁集","1","1"
"除了能登半","1","1"
"除了低廉的","1","1"
"院权力的法","1","1"
"院優秀研究","1","1"
"降息幅度的","1","1"
"陆谈外交休","1","1"
"陆续在星期","1","1"
"陆海峡两岸","1","1"
"陆探空气球","1","1"
"陆将加大反","1","1"
"际贸易规则","1","1"
"际行动推动","1","1"
"际控制人的","1","1"
"阿鲁里死亡","1","1"
"阿斯麦在出","1","1"
"阿斯麦向中","1","1"
"阿斯麦公司","1","1"
"阳的视直径","1","1"
"防部查获民","1","1"
"防部侦获两","1","1"
"防治协会说","1","1"
"阪的害虫防","1","1"
"队服务的一","1","1"
"间留下了遗","1","1"
"间一直有婚","1","1"
"门长期以来","1","1"
"门针对麦当","1","1"
"门胡塞叛军","1","1"
"门将从星期","1","1"
"關鍵點是分","1","1"
"關西電力設","1","1"
"關機關合作","1","1"
"關人士無奈","1","1"
"開門營業後","1","1"
"開蓋即飲的","1","1"
"開發的圓柱","1","1"
"開發可潛至","1","1"
"開展業務的","1","1"
"開始施行新","1","1"
"開始了新年","1","1"
"開啟新年首","1","1"
"門營業後客","1","1"
"門人柳井正","1","1"
"长韩国瑜等","1","1"
"长秦刚在担","1","1"
"长期以来一","1","1"
"长张志军在","1","1"
"长尚穆根有","1","1"
"长对南中国","1","1"
"长兼律政部","1","1"
"長率同比增","1","1"
"键的步骤之","1","1"
"键在于走对","1","1"
"销量落后于","1","1"
"销量仍落后","1","1"
"销了阿斯麦","1","1"
"销为吸引大","1","1"
"银行支付机","1","1"
"铁合肥至武","1","1"
"钱的业务部","1","1"
"钱庄涉嫌在","1","1"
"钟内从着火","1","1"
"针对麦当劳","1","1"
"鍵點是分析","1","1"
"鋼琴生産亮","1","1"
"鋼琴和吉他","1","1"
"銷量首超特","1","1"
"銷量擴大到","1","1"
"鉴于中国房","1","1"
"釜山参加活","1","1"
"金融巨头完","1","1"
"量首超特斯","1","1"
"量達到傳統","1","1"
"量超过预期","1","1"
"量販店和超","1","1"
"量虽然超出","1","1"
"量落后于中","1","1"
"量擴大到了","1","1"
"量仍落后于","1","1"
"野蓝白两党","1","1"
"野党共同民","1","1"
"重要的關鍵","1","1"
"重灾区面对","1","1"
"重大事项变","1","1"
"采取自卫行","1","1"
"采取强有力","1","1"
"酒製成的開","1","1"
"酒特色的同","1","1"
"酒店房间留","1","1"
"酒嗨棒越來","1","1"
"配支持率稳","1","1"
"配与柯盈配","1","1"
"配与上月中","1","1"
"都造成过大","1","1"
"都贝鲁特南","1","1"
"都相对看重","1","1"
"都直接进语","1","1"
"都成功逃生","1","1"
"都想知道今","1","1"
"都彈起來的","1","1"
"都在浪费食","1","1"
"都击败了其","1","1"
"都会进行选","1","1"
"郭鹤年入榜","1","1"
"部队服务的","1","1"
"部门长期以","1","1"
"部门将从星","1","1"
"部长秦刚在","1","1"
"部长尚穆根","1","1"
"部长兼律政","1","1"
"部调查发现","1","1"
"部環境左右","1","1"
"部海岸地区","1","1"
"部查获民众","1","1"
"部数据中心","1","1"
"部发言人对","1","1"
"部发言人回","1","1"
"部分时间里","1","1"
"部分吊销了","1","1"
"部分发生在","1","1"
"部分原因是","1","1"
"部侦获两枚","1","1"
"部件和礦物","1","1"
"部于星期天","1","1"
"郊的哈马斯","1","1"
"邻近震中的","1","1"
"邊的乘客事","1","1"
"邊界進行勘","1","1"
"邊中華料理","1","1"
"還能當簽約","1","1"
"還可以潛入","1","1"
"避難所避難","1","1"
"避免为美国","1","1"
"遥望太阳的","1","1"
"遗书和日记","1","1"
"達到傳統型","1","1"
"達了日本海","1","1"
"道路来推动","1","1"
"道路严重受","1","1"
"道清晰可见","1","1"
"道最靠近太","1","1"
"道时代表中","1","1"
"道和天桥底","1","1"
"道今后将何","1","1"
"過失致死嫌","1","1"
"過加入甜味","1","1"
"遍全球的原","1","1"
"運輸安全委","1","1"
"逾越节期间","1","1"
"進行稀土勘","1","1"
"進供應鏈的","1","1"
"造電池零部","1","1"
"造设备出口","1","1"
"造成过大的","1","1"
"造成至少六","1","1"
"造成巨大地","1","1"
"造商阿斯麦","1","1"
"造先进的微","1","1"
"速起火狂烧","1","1"
"通過加入甜","1","1"
"通过第二家","1","1"
"通过的一项","1","1"
"通过投资建","1","1"
"通消费者浪","1","1"
"這家日企推","1","1"
"這一水平接","1","1"
"透过地下钱","1","1"
"选美国总统","1","1"
"选择泰国的","1","1"
"选择在假日","1","1"
"选情的冲击","1","1"
"选前的电视","1","1"
"选人赖清德","1","1"
"选人柯文哲","1","1"
"选举剩不到","1","1"
"逃離起火飛","1","1"
"逃离撞机后","1","1"
"逃生时没有","1","1"
"逃生不及身","1","1"
"适的出行体","1","1"
"退胡塞武装","1","1"
"退并未发生","1","1"
"迷且地方政","1","1"
"述逃離起火","1","1"
"迫在眉睫的","1","1"
"迫向观众喊","1","1"
"迪至此成为","1","1"
"迪此前公佈","1","1"
"迪按季度計","1","1"
"迪士尼独家","1","1"
"迪士尼创造","1","1"
"迪全球銷量","1","1"
"连结一中框","1","1"
"连冠的可能","1","1"
"违背国际贸","1","1"
"远的重灾区","1","1"
"进语音信箱","1","1"
"进行间谍活","1","1"
"进组织哈马","1","1"
"进的微处理","1","1"
"进入建造尾","1","1"
"进党执政八","1","1"
"进党总统候","1","1"
"这给中国政","1","1"
"这种经济模","1","1"
"这种模式很","1","1"
"这架客机是","1","1"
"这是美军首","1","1"
"这意味着这","1","1"
"这家成立于","1","1"
"这可能威胁","1","1"
"这加起来相","1","1"
"这位中国最","1","1"
"这份殊荣非","1","1"
"这些系统对","1","1"
"这个曾经炙","1","1"
"这与此前中","1","1"
"还是走错路","1","1"
"还成为了世","1","1"
"近震中的各","1","1"
"近距离目睹","1","1"
"近期能改善","1","1"
"近期侦破中","1","1"
"近平的集权","1","1"
"近平的公开","1","1"
"近平在庆祝","1","1"
"近平发表讲","1","1"
"近太阳的位","1","1"
"过第二家园","1","1"
"过的一项旨","1","1"
"过投资建设","1","1"
"过大的压力","1","1"
"过地下钱庄","1","1"
"过后抵达韩","1","1"
"过台海中线","1","1"
"过去约两年","1","1"
"过去两年中","1","1"
"过去一周冠","1","1"
"过内地旅客","1","1"
"迅速起火狂","1","1"
"达韩国东海","1","1"
"达到历来最","1","1"
"达创办人兼","1","1"
"辐射水溢出","1","1"
"轮岛市一名","1","1"
"转轨道最靠","1","1"
"轨道清晰可","1","1"
"轨道最靠近","1","1"
"车销量落后","1","1"
"车巨头特斯","1","1"
"车企比亚迪","1","1"
"车交付量超","1","1"
"车交付量虽","1","1"
"輸安全委員","1","1"
"車將無法享","1","1"
"車型清單更","1","1"
"車唯一納入","1","1"
"車以外領域","1","1"
"身处的窘境","1","1"
"踏上新长征","1","1"
"跳舞等也需","1","1"
"路还是走错","1","1"
"路来推动经","1","1"
"路严重受损","1","1"
"距离目睹无","1","1"
"距离台湾总","1","1"
"跑著來到自","1","1"
"足球要踏上","1","1"
"足球的药方","1","1"
"足球和校园","1","1"
"足球出点子","1","1"
"足协开出什","1","1"
"越过台海中","1","1"
"越来越多的","1","1"
"越多的香港","1","1"
"越南的貿易","1","1"
"超過特斯拉","1","1"
"超过内地旅","1","1"
"超市開始了","1","1"
"超出了现有","1","1"
"起诉毫无依","1","1"
"起诉大马抵","1","1"
"起落实永久","1","1"
"起社会关注","1","1"
"起的抵制行","1","1"
"起火飛機過","1","1"
"起火燃烧的","1","1"
"起来相当于","1","1"
"起各方抨击","1","1"
"起來的衝擊","1","1"
"赵少康的留","1","1"
"赵少康星期","1","1"
"走对路还是","1","1"
"走向制宪建","1","1"
"赚钱的业务","1","1"
"赖萧配与柯","1","1"
"赖清德若上","1","1"
"赖清德则将","1","1"
"资者都想知","1","1"
"资者经历了","1","1"
"资者本以为","1","1"
"资者感到沮","1","1"
"资建设工厂","1","1"
"资和制裁组","1","1"
"资产是现金","1","1"
"贺信中强调","1","1"
"费者浪费了","1","1"
"费的热潮形","1","1"
"费的各个阶","1","1"
"费发生批发","1","1"
"败了其他所","1","1"
"贝鲁特南郊","1","1"
"賀核電站和","1","1"
"貿易依存度","1","1"
"費稅收抵免","1","1"
"販店和超市","1","1"
"貨的西武池","1","1"
"象廳解除了","1","1"
"象廳發佈了","1","1"
"象厅星期一","1","1"
"象厅发布海","1","1"
"谈外交休兵","1","1"
"调近期侦破","1","1"
"调结果显示","1","1"
"调查东京羽","1","1"
"调机构陆续","1","1"
"调封关日前","1","1"
"调会采取自","1","1"
"调他们所发","1","1"
"调了该股评","1","1"
"诺放弃对蚂","1","1"
"说明理由的","1","1"
"说一夕爆红","1","1"
"该公司硬件","1","1"
"该公司向中","1","1"
"询个案激增","1","1"
"话数小时前","1","1"
"试航行测试","1","1"
"试将在不久","1","1"
"诊和死亡病","1","1"
"诉毫无依据","1","1"
"诉大马抵制","1","1"
"评论文章很","1","1"
"评论员据画","1","1"
"评民进党执","1","1"
"证券交易所","1","1"
"访的马来民","1","1"
"访学者评估","1","1"
"设工期四年","1","1"
"设备的许可","1","1"
"设备制造商","1","1"
"设备出口禁","1","1"
"设合肥南等","1","1"
"论文章很多","1","1"
"论员据画面","1","1"
"许多道路严","1","1"
"许多民调机","1","1"
"许多投资者","1","1"
"许多华人的","1","1"
"许可信息公","1","1"
"许发生里氏","1","1"
"许发生规模","1","1"
"许中国公民","1","1"
"讲话数小时","1","1"
"讨个好彩头","1","1"
"认为华人一","1","1"
"计海试航行","1","1"
"计划获得马","1","1"
"讓日本鋼琴","1","1"
"護讓日本鋼","1","1"
"警方等正加","1","1"
"警方正在将","1","1"
"警方以業務","1","1"
"警察部队服","1","1"
"證券交易所","1","1"
"論文研究人","1","1"
"談日企競爭","1","1"
"調查事故原","1","1"
"認為飛機當","1","1"
"設在福井縣","1","1"
"訪日客消費","1","1"
"計算首次超","1","1"
"計劃在日本","1","1"
"言人对此回","1","1"
"言人回应时","1","1"
"解除了能登","1","1"
"视辩论会上","1","1"
"视直径会比","1","1"
"视女主播山","1","1"
"见的对中国","1","1"
"见实现三连","1","1"
"覺就像桑拿","1","1"
"親述逃離起","1","1"
"要開發可潛","1","1"
"要踏上新长","1","1"
"要着力深化","1","1"
"要的關鍵點","1","1"
"要推动打击","1","1"
"要安全地吃","1","1"
"要在未来一","1","1"
"要前往位置","1","1"
"要以实际行","1","1"
"要乘用車中","1","1"
"西電力設在","1","1"
"西武百貨的","1","1"
"西武池袋總","1","1"
"西亚反对党","1","1"
"製造為中心","1","1"
"製成的開蓋","1","1"
"装组织进行","1","1"
"装箱船的袭","1","1"
"装对红海一","1","1"
"装为军政府","1","1"
"袭击位于黎","1","1"
"袭击一艘货","1","1"
"被日元升值","1","1"
"被压在底下","1","1"
"被以军抓获","1","1"
"衰退并未发","1","1"
"表讲话数小","1","1"
"表示将承担","1","1"
"表示国民党","1","1"
"表的新年贺","1","1"
"表现最差的","1","1"
"表现出对经","1","1"
"表明无意卷","1","1"
"表中国利益","1","1"
"街邊中華料","1","1"
"街对股市充","1","1"
"街几乎所有","1","1"
"行间谍活动","1","1"
"行稀土勘探","1","1"
"行的下一步","1","1"
"行测试将在","1","1"
"行李应记上","1","1"
"行政执法体","1","1"
"行支付机构","1","1"
"行总统和立","1","1"
"行径违背国","1","1"
"行官网的非","1","1"
"行同意支付","1","1"
"行动进行调","1","1"
"行动推动中","1","1"
"行动并非专","1","1"
"行人到大溪","1","1"
"行业经历了","1","1"
"行业的崛起","1","1"
"融巨头完成","1","1"
"蚂蚁集团的","1","1"
"蚂蚁集团上","1","1"
"蚁集团的控","1","1"
"蚁集团上市","1","1"
"虽然超出预","1","1"
"虽然日本航","1","1"
"虽再三灭火","1","1"
"虫防治协会","1","1"
"虫虫害正在","1","1"
"虫的咨询个","1","1"
"虫害正在日","1","1"
"蘇打水摻入","1","1"
"藏一群在城","1","1"
"蓝的会投白","1","1"
"蓝白合六点","1","1"
"蓝白两党去","1","1"
"蓋即飲的飲","1","1"
"蓉沿江高铁","1","1"
"蒋经国逝世","1","1"
"著陸的時候","1","1"
"著來到自己","1","1"
"落实永久互","1","1"
"落后前两者","1","1"
"萬日元獎學","1","1"
"萧配与柯盈","1","1"
"菲特的訪日","1","1"
"菲律宾证券","1","1"
"菲律宾卫生","1","1"
"菲律宾一名","1","1"
"華也進入前","1","1"
"菜剩饭不要","1","1"
"获民众透过","1","1"
"获得马国永","1","1"
"获及拘留的","1","1"
"获两枚中国","1","1"
"莱分析师下","1","1"
"荷兰禁止芯","1","1"
"荷兰政府部","1","1"
"荷兰取消两","1","1"
"荣非英伟达","1","1"
"苹果公司股","1","1"
"苹果公司又","1","1"
"英伟达创办","1","1"
"若执政将与","1","1"
"苏仍面临重","1","1"
"芯片设备制","1","1"
"芯片的制造","1","1"
"芯片制造设","1","1"
"节期间一直","1","1"
"节或逾越节","1","1"
"艺是最关键","1","1"
"色的同時使","1","1"
"色列最高法","1","1"
"色列无人机","1","1"
"色列士兵涉","1","1"
"色列军方正","1","1"
"色列军方今","1","1"
"艙內煙霧瀰","1","1"
"艘马士基集","1","1"
"艘航空母舰","1","1"
"艘小船并歼","1","1"
"船并歼灭至","1","1"
"舰福建舰星","1","1"
"舰打击群将","1","1"
"舰已进入建","1","1"
"般上对于教","1","1"
"航行测试将","1","1"
"航空的飞机","1","1"
"航空母舰福","1","1"
"航空母舰打","1","1"
"航空公司的","1","1"
"航空公司客","1","1"
"航空公司一","1","1"
"航客机起火","1","1"
"舞等也需选","1","1"
"舒适的出行","1","1"
"興酒製成的","1","1"
"興酒特色的","1","1"
"興酒嗨棒越","1","1"
"與相關機關","1","1"
"致电鸿海创","1","1"
"致死嫌疑調","1","1"
"致哈马斯政","1","1"
"致命撞机事","1","1"
"至武汉段星","1","1"
"至此成为全","1","1"
"至是幼儿园","1","1"
"至日本時間","1","1"
"至少六人死","1","1"
"至今造成至","1","1"
"至于走向制","1","1"
"臭虫虫害正","1","1"
"臭虫的咨询","1","1"
"自海外的直","1","1"
"自己的目標","1","1"
"臨日元升值","1","1"
"能需要在未","1","1"
"能稳定基本","1","1"
"能登發生震","1","1"
"能登地震已","1","1"
"能登地方元","1","1"
"能登地區周","1","1"
"能登半岛一","1","1"
"能當簽約動","1","1"
"能潛至水下","1","1"
"能手表等领","1","1"
"能性取决于","1","1"
"能威胁区域","1","1"
"能会影响他","1","1"
"能会出现更","1","1"
"胡塞武装对","1","1"
"胡塞武装分","1","1"
"胞站在历史","1","1"
"胜地威尼斯","1","1"
"背国际贸易","1","1"
"背后的逻辑","1","1"
"胁区域和平","1","1"
"育都相对看","1","1"
"育发挥功效","1","1"
"肥至武汉段","1","1"
"肥南等八座","1","1"
"股都彈起來","1","1"
"股票的信号","1","1"
"股市面臨日","1","1"
"股市暴跌近","1","1"
"股市场的怀","1","1"
"股市可能会","1","1"
"股市充满信","1","1"
"股市上漲有","1","1"
"股公司周一","1","1"
"股價的上漲","1","1"
"肃省在新年","1","1"
"聘到優秀人","1","1"
"联网巨头的","1","1"
"联合政府我","1","1"
"而随他而去","1","1"
"而对水都造","1","1"
"而去的还有","1","1"
"而且错得离","1","1"
"者都想知道","1","1"
"者身处的窘","1","1"
"者经历了动","1","1"
"者浪费了超","1","1"
"者本以为迫","1","1"
"者有段差距","1","1"
"者所提供的","1","1"
"者感到沮丧","1","1"
"者人數世界","1","1"
"羽田机场空","1","1"
"羽田日航客","1","1"
"羽田兩機相","1","1"
"羽核電站並","1","1"
"群将返回母","1","1"
"群在城市挣","1","1"
"美股市场的","1","1"
"美的最低時","1","1"
"美産雲杉木","1","1"
"美浜核電站","1","1"
"美對立的背","1","1"
"美国股市会","1","1"
"美国纽约州","1","1"
"美国的霸凌","1","1"
"美国电动车","1","1"
"美国海军在","1","1"
"美国最高使","1","1"
"美国施压荷","1","1"
"美国施压下","1","1"
"美国拜登政","1","1"
"美国总统般","1","1"
"美国制造麻","1","1"
"美国出生的","1","1"
"美国人打交","1","1"
"美国事后表","1","1"
"美军首次击","1","1"
"美军直升机","1","1"
"美军出动直","1","1"
"美关系稳定","1","1"
"美元的消費","1","1"
"美两国建交","1","1"
"署的蓝白合","1","1"
"置偏远的重","1","1"
"罗彻斯特新","1","1"
"罕见实现三","1","1"
"网的非银行","1","1"
"网巨头的投","1","1"
"网上掀起讨","1","1"
"缩小对美联","1","1"
"缓每天有成","1","1"
"缅甸警察部","1","1"
"续在星期二","1","1"
"续保持涨势","1","1"
"续低迷且地","1","1"
"继续保持涨","1","1"
"统选举剩不","1","1"
"统蒋经国逝","1","1"
"统对于制造","1","1"
"统和立委大","1","1"
"统候选人赖","1","1"
"统候选人柯","1","1"
"给中国足球","1","1"
"给中国政府","1","1"
"结一中框架","1","1"
"经炙手可热","1","1"
"经济衰退并","1","1"
"经济的信心","1","1"
"经济模式已","1","1"
"经济和企业","1","1"
"经济势头强","1","1"
"经济前景感","1","1"
"经济出现新","1","1"
"经济低迷之","1","1"
"经历了糟糕","1","1"
"经历了动荡","1","1"
"经于当地时","1","1"
"织进行间谍","1","1"
"织哈马斯证","1","1"
"织反驳麦当","1","1"
"细安外长对","1","1"
"组织进行间","1","1"
"组织哈马斯","1","1"
"组织反驳麦","1","1"
"组员的安危","1","1"
"组人员都成","1","1"
"组人员在短","1","1"
"纽约州罗彻","1","1"
"纷纷离家避","1","1"
"纷离家避难","1","1"
"纪最大者为","1","1"
"级核动力航","1","1"
"约州罗彻斯","1","1"
"约两年时间","1","1"
"红海袭击一","1","1"
"红海一艘马","1","1"
"繁华的香港","1","1"
"縣能登地區","1","1"
"縣內的高浜","1","1"
"經濟區投入","1","1"
"紹興酒製成","1","1"
"紹興酒特色","1","1"
"紧握主流民","1","1"
"紧张感到担","1","1"
"純電動汽車","1","1"
"納入的日産","1","1"
"系统对于制","1","1"
"系和选情的","1","1"
"系协会会长","1","1"
"糟糕的三年","1","1"
"糕的三年之","1","1"
"米老鼠版权","1","1"
"米深海的國","1","1"
"簽約動畫師","1","1"
"節的好木材","1","1"
"箱船的袭击","1","1"
"管理層的工","1","1"
"管理人員的","1","1"
"管理人員和","1","1"
"管理上加强","1","1"
"管框架以将","1","1"
"管和打击腐","1","1"
"管制度的范","1","1"
"管制員和兩","1","1"
"算首次超過","1","1"
"签署的蓝白","1","1"
"策令台湾丢","1","1"
"筑物没有损","1","1"
"等正加快搜","1","1"
"等對樹齡在","1","1"
"等外部環境","1","1"
"等地都会进","1","1"
"等四大产品","1","1"
"等八座车站","1","1"
"等也需选择","1","1"
"第四季度的","1","1"
"第四季度汽","1","1"
"第三艘航空","1","1"
"第一波海啸","1","1"
"第一周令投","1","1"
"第一个工作","1","1"
"第一个交易","1","1"
"符合当前主","1","1"
"端芯片制造","1","1"
"竞争对手比","1","1"
"站在历史正","1","1"
"站和柏崎刈","1","1"
"站也沒有發","1","1"
"站並未因地","1","1"
"立的背景下","1","1"
"立刻向窗外","1","1"
"立伦率领总","1","1"
"立了牢固的","1","1"
"窗邊的乘客","1","1"
"突爆发后派","1","1"
"空的飞机在","1","1"
"空气球星期","1","1"
"空母舰福建","1","1"
"空母舰打击","1","1"
"空公司的客","1","1"
"空公司客机","1","1"
"空公司一架","1","1"
"究者人數世","1","1"
"究生畢業為","1","1"
"究機構選出","1","1"
"究人員定義","1","1"
"穆根的律师","1","1"
"穆根有婚外","1","1"
"稳定基本面","1","1"
"程度上超出","1","1"
"稅櫃檯前不","1","1"
"稅收抵免車","1","1"
"称在酒店房","1","1"
"秦刚在美国","1","1"
"秦刚在担任","1","1"
"科院優秀研","1","1"
"科畢業的起","1","1"
"种经济模式","1","1"
"种模式很大","1","1"
"秀研究者人","1","1"
"离目睹无家","1","1"
"离撞机后起","1","1"
"离台湾总统","1","1"
"福特级核动","1","1"
"福建舰星期","1","1"
"福建舰已进","1","1"
"福井縣內的","1","1"
"禁止芯片设","1","1"
"禁令生效前","1","1"
"禁令实施前","1","1"
"祝两国建交","1","1"
"社德他宣布","1","1"
"示将承担尚","1","1"
"示国民党若","1","1"
"示国内经济","1","1"
"礦物的純電","1","1"
"磁弹射轨道","1","1"
"碰撞海上保","1","1"
"确诊和死亡","1","1"
"确定全员逃","1","1"
"硬件销售疲","1","1"
"破中国大陆","1","1"
"研究者人數","1","1"
"研究生畢業","1","1"
"研究機構選","1","1"
"研究人員定","1","1"
"石川縣能登","1","1"
"石川縣大約","1","1"
"短视频平台","1","1"
"短短几分钟","1","1"
"短几分钟内","1","1"
"知道今后将","1","1"
"知情人士称","1","1"
"知情人士以","1","1"
"睹无家者身","1","1"
"睫的经济衰","1","1"
"着这家成立","1","1"
"着生命危险","1","1"
"着火的飞机","1","1"
"着力深化行","1","1"
"着交易员缩","1","1"
"看一年之后","1","1"
"眉睫的经济","1","1"
"省领导在会","1","1"
"省在新年第","1","1"
"盼情况在近","1","1"
"相關機關合","1","1"
"相關人士無","1","1"
"相社德他宣","1","1"
"相撞后起火","1","1"
"相当于每人","1","1"
"直有婚外情","1","1"
"直是集团最","1","1"
"直接进语音","1","1"
"直接投資增","1","1"
"直径会比平","1","1"
"直升机星期","1","1"
"直升机击沉","1","1"
"目睹无家者","1","1"
"目標購買區","1","1"
"目前的工資","1","1"
"目前日本國","1","1"
"目前我們認","1","1"
"目前已造成","1","1"
"盟的貿易中","1","1"
"监管框架以","1","1"
"监管和打击","1","1"
"监管制度的","1","1"
"益紧张感到","1","1"
"盈配支持率","1","1"
"盈利的复苏","1","1"
"的高速增长","1","1"
"的高浜核電","1","1"
"的马来民众","1","1"
"的香港隐藏","1","1"
"的香港人选","1","1"
"的飞机相撞","1","1"
"的飞机在东","1","1"
"的飞机发生","1","1"
"的飞机中逃","1","1"
"的非银行支","1","1"
"的霸凌行径","1","1"
"的需求令人","1","1"
"的集权引发","1","1"
"的關鍵點是","1","1"
"的開蓋即飲","1","1"
"的重灾区面","1","1"
"的部分光刻","1","1"
"的通訊記錄","1","1"
"的起诉毫无","1","1"
"的起薪達到","1","1"
"的贺信中强","1","1"
"的貿易依存","1","1"
"的评论文章","1","1"
"的論文研究","1","1"
"的訪日效應","1","1"
"的视直径会","1","1"
"的西武池袋","1","1"
"的街邊中華","1","1"
"的行业经历","1","1"
"的蓝白合六","1","1"
"的臺商達到","1","1"
"的致命撞机","1","1"
"的经济衰退","1","1"
"的絕佳材料","1","1"
"的純電動汽","1","1"
"的福特级核","1","1"
"的研究機構","1","1"
"的砍伐減少","1","1"
"的石川縣能","1","1"
"的相關人士","1","1"
"的直接投資","1","1"
"的目標購買","1","1"
"的疲软迹象","1","1"
"的留话和简","1","1"
"的电视辩论","1","1"
"的産品最多","1","1"
"的甚至是幼","1","1"
"的热潮形成","1","1"
"的消費稅收","1","1"
"的浪费发生","1","1"
"的法案无效","1","1"
"的汽车交付","1","1"
"的水发生溢","1","1"
"的死亡人数","1","1"
"的步骤之一","1","1"
"的樹木的砍","1","1"
"的樹木加強","1","1"
"的柏崎刈羽","1","1"
"的板塊邊界","1","1"
"的最大单日","1","1"
"的最低時薪","1","1"
"的時候喉嚨","1","1"
"的日本航空","1","1"
"的日本海溝","1","1"
"的日本海沿","1","1"
"的新措施来","1","1"
"的新年贺词","1","1"
"的数据显示","1","1"
"的数字大幅","1","1"
"的支撑之下","1","1"
"的控制权近","1","1"
"的抵制行动","1","1"
"的投资者经","1","1"
"的投資一直","1","1"
"的所有乘客","1","1"
"的怀疑态度","1","1"
"的微处理器","1","1"
"的强烈地震","1","1"
"的开销为吸","1","1"
"的市場規模","1","1"
"的市場改革","1","1"
"的巴勒斯坦","1","1"
"的專屬經濟","1","1"
"的对中国经","1","1"
"的害虫防治","1","1"
"的客机在东","1","1"
"的安危不确","1","1"
"的孩子可能","1","1"
"的孩子从小","1","1"
"的好木材很","1","1"
"的大片區域","1","1"
"的大海嘯警","1","1"
"的外交政策","1","1"
"的复苏仍面","1","1"
"的圓柱形全","1","1"
"的國産水下","1","1"
"的国民党总","1","1"
"的国民党主","1","1"
"的哈马斯办","1","1"
"的咨询个案","1","1"
"的同時使其","1","1"
"的各县市也","1","1"
"的各个阶段","1","1"
"的可能性取","1","1"
"的原版米老","1","1"
"的卡通人物","1","1"
"的制造流程","1","1"
"的出行体验","1","1"
"的冲击持续","1","1"
"的六人中有","1","1"
"的公开讲话","1","1"
"的先买后付","1","1"
"的信心危机","1","1"
"的会投白的","1","1"
"的企业正式","1","1"
"的人氣高漲","1","1"
"的乘客事發","1","1"
"的主要障碍","1","1"
"的主要原因","1","1"
"的中国国内","1","1"
"的业务部门","1","1"
"的不会投蓝","1","1"
"的下一步行","1","1"
"的三年之后","1","1"
"的一项旨在","1","1"
"的一条龙配","1","1"
"的一大卖点","1","1"
"百貨的西武","1","1"
"白的不会投","1","1"
"白合六点共","1","1"
"白两党去年","1","1"
"發的日本海","1","1"
"發的圓柱形","1","1"
"發生安全問","1","1"
"發現飛機正","1","1"
"發後立刻向","1","1"
"發佈了長達","1","1"
"登發生震度","1","1"
"登政府要求","1","1"
"登地震已確","1","1"
"登地方元旦","1","1"
"登地區周邊","1","1"
"登地区发生","1","1"
"登地区发布","1","1"
"登半岛一带","1","1"
"病确诊和死","1","1"
"病例数双双","1","1"
"疫情期間外","1","1"
"疑态度是错","1","1"
"疑人据称在","1","1"
"當簽約動畫","1","1"
"當時已得到","1","1"
"當地人喜愛","1","1"
"畫産業的市","1","1"
"畫師嚴重短","1","1"
"畫師使出各","1","1"
"畢業的起薪","1","1"
"留话和简讯","1","1"
"留紹興酒特","1","1"
"留的巴勒斯","1","1"
"留下了遗书","1","1"
"界進行勘查","1","1"
"界出口巨人","1","1"
"甸警察部队","1","1"
"电鸿海创办","1","1"
"电视辩论会","1","1"
"电视女主播","1","1"
"电磁弹射轨","1","1"
"电厂辐射水","1","1"
"电厂建筑物","1","1"
"电动车巨头","1","1"
"电动汽车销","1","1"
"电动汽车制","1","1"
"由迪士尼独","1","1"
"由的情况下","1","1"
"由於在日本","1","1"
"由于预计最","1","1"
"由于许多道","1","1"
"由于建筑物","1","1"
"由于前一天","1","1"
"田机场空难","1","1"
"田日航客机","1","1"
"田兩機相撞","1","1"
"用中國造電","1","1"
"産雲杉木是","1","1"
"産的産品最","1","1"
"産水下無人","1","1"
"産業的市場","1","1"
"産品製造為","1","1"
"産品最多只","1","1"
"生部于星期","1","1"
"生致命车祸","1","1"
"生的致命撞","1","1"
"生的孩子可","1","1"
"生産亮黃燈","1","1"
"生时没有携","1","1"
"生效前数周","1","1"
"生撞机事件","1","1"
"生批发和零","1","1"
"生安全問題","1","1"
"生在餐馆和","1","1"
"生在食物从","1","1"
"生在家庭中","1","1"
"生命危险假","1","1"
"生后余震不","1","1"
"生产到消费","1","1"
"生不及身亡","1","1"
"甚至是幼儿","1","1"
"甘肃省在新","1","1"
"環境左右的","1","1"
"環境下使用","1","1"
"琴生産亮黃","1","1"
"琴和吉他的","1","1"
"理由的情况","1","1"
"理層的工資","1","1"
"理地规划饮","1","1"
"理器至关重","1","1"
"理人員的工","1","1"
"理人員和高","1","1"
"理上加强监","1","1"
"球首次发生","1","1"
"球首架机体","1","1"
"球销量仍落","1","1"
"球銷量首超","1","1"
"球銷量突破","1","1"
"球銷量同比","1","1"
"球要踏上新","1","1"
"球的原版米","1","1"
"球的先买后","1","1"
"球电动汽车","1","1"
"球最大电动","1","1"
"球和校园足","1","1"
"球出点子的","1","1"
"球公转轨道","1","1"
"現飛機正在","1","1"
"現大幅增長","1","1"
"现有监管制","1","1"
"现最差的股","1","1"
"现更多同样","1","1"
"现新的疲软","1","1"
"现出对经济","1","1"
"现了一段非","1","1"
"现三连冠的","1","1"
"率领总统候","1","1"
"率同比增長","1","1"
"独家享有版","1","1"
"狀固態電池","1","1"
"特色的同時","1","1"
"特级核动力","1","1"
"特的訪日效","1","1"
"特朗普当选","1","1"
"特新年音乐","1","1"
"特斯拉去年","1","1"
"特斯拉公司","1","1"
"特币近两年","1","1"
"特南郊的哈","1","1"
"特别允许中","1","1"
"物的純電動","1","1"
"物没有损坏","1","1"
"物从生产到","1","1"
"牢固的關係","1","1"
"版米老鼠版","1","1"
"片设备制造","1","1"
"片的制造流","1","1"
"片制造设备","1","1"
"爆发后派往","1","1"
"營業後客人","1","1"
"燃烧的日本","1","1"
"燃料池的水","1","1"
"然超出预期","1","1"
"然日本航空","1","1"
"無法享受最","1","1"
"無人機進行","1","1"
"热的行业经","1","1"
"热潮形成对","1","1"
"烧的日本航","1","1"
"為飛機當時","1","1"
"為震源的石","1","1"
"為日本車唯","1","1"
"為據點開展","1","1"
"為了推進供","1","1"
"為了培養人","1","1"
"点子的评论","1","1"
"点共识仍适","1","1"
"炮贩卖活动","1","1"
"炙手可热的","1","1"
"炒作第二家","1","1"
"灾区面对重","1","1"
"灭臭虫的咨","1","1"
"火飛機過程","1","1"
"火的飞机中","1","1"
"火燃烧的日","1","1"
"灣對大陸的","1","1"
"灣對大陸投","1","1"
"灣優先經濟","1","1"
"灣上市企業","1","1"
"濟區投入水","1","1"
"激进组织哈","1","1"
"激经济增长","1","1"
"潮形成对比","1","1"
"潛入東北海","1","1"
"漫在美股市","1","1"
"滑四个百分","1","1"
"溪头寮献花","1","1"
"源的石川縣","1","1"
"湾等地都会","1","1"
"湾民进党总","1","1"
"湾总统选举","1","1"
"湾官方通报","1","1"
"湾媒体最新","1","1"
"湾外交部发","1","1"
"湾国防部查","1","1"
"湾国防部侦","1","1"
"湾发展组织","1","1"
"湾丢失九个","1","1"
"游部数据中","1","1"
"游胜地威尼","1","1"
"游的一大卖","1","1"
"游客涌入香","1","1"
"游客涌入而","1","1"
"游客提供舒","1","1"
"游团最多限","1","1"
"游人数同比","1","1"
"游业者所提","1","1"
"港隐藏一群","1","1"
"港经济低迷","1","1"
"港消费的热","1","1"
"港人选择在","1","1"
"渝蓉沿江高","1","1"
"清華也進入","1","1"
"清德若上台","1","1"
"清德则将紧","1","1"
"深海的國産","1","1"
"深圳吃喝玩","1","1"
"深受當地人","1","1"
"深化行政执","1","1"
"涌入香港消","1","1"
"涌入而对水","1","1"
"涉嫌在台湾","1","1"
"涉嫌在加沙","1","1"
"消费者浪费","1","1"
"消费的热潮","1","1"
"消费的各个","1","1"
"消費稅收抵","1","1"
"消灭臭虫的","1","1"
"消息的人士","1","1"
"消息引发关","1","1"
"消对华部分","1","1"
"消对中国的","1","1"
"消两款对华","1","1"
"海试航行测","1","1"
"海袭击一艘","1","1"
"海的國産水","1","1"
"海沿岸更发","1","1"
"海沿岸全部","1","1"
"海峡两岸关","1","1"
"海岸地区引","1","1"
"海局势日益","1","1"
"海外的直接","1","1"
"海外会有多","1","1"
"海域的日本","1","1"
"海地带居民","1","1"
"海嘯的板塊","1","1"
"海嘯提醒已","1","1"
"海嘯抵達了","1","1"
"海啸最高为","1","1"
"海啸已经于","1","1"
"海创办人郭","1","1"
"海军在以哈","1","1"
"海上保安廳","1","1"
"海一艘马士","1","1"
"海一側的大","1","1"
"浪费发生批","1","1"
"浪费了超过","1","1"
"济衰退并未","1","1"
"济的信心危","1","1"
"济模式已难","1","1"
"济和企业盈","1","1"
"济势头强于","1","1"
"济前景感到","1","1"
"济出现新的","1","1"
"济低迷之际","1","1"
"测试将在不","1","1"
"流民意为后","1","1"
"派往中东水","1","1"
"活动时遇袭","1","1"
"活下來是奇","1","1"
"泽东去世引","1","1"
"泻县的柏崎","1","1"
"泰国首相社","1","1"
"泰国的主要","1","1"
"泰国旅游的","1","1"
"泰国和中国","1","1"
"波海啸已经","1","1"
"法鞭炮贩卖","1","1"
"法院权力的","1","1"
"法院星期一","1","1"
"法带来灾难","1","1"
"法体制改革","1","1"
"法享受最高","1","1"
"沿海地带居","1","1"
"沿江高铁合","1","1"
"沿岸更发生","1","1"
"沿岸全部海","1","1"
"治局副主席","1","1"
"沪渝蓉沿江","1","1"
"没有鼓励弃","1","1"
"没有说明理","1","1"
"没有表现出","1","1"
"没有携带手","1","1"
"没有损坏或","1","1"
"没有人料到","1","1"
"沙枪杀被以","1","1"
"沙地带北部","1","1"
"沒有節的好","1","1"
"沒有發生異","1","1"
"汽车销量落","1","1"
"汽车制造商","1","1"
"汽車將無法","1","1"
"汽車以外領","1","1"
"池零部件和","1","1"
"池的水发生","1","1"
"江高铁合肥","1","1"
"汉段星期二","1","1"
"求存的无家","1","1"
"求令人失望","1","1"
"永久居民的","1","1"
"永久互免签","1","1"
"水都造成过","1","1"
"水摻入紹興","1","1"
"水平接近外","1","1"
"水域的福特","1","1"
"水发生溢流","1","1"
"氣象廳解除","1","1"
"氣象廳發佈","1","1"
"氣的時候喉","1","1"
"气象厅星期","1","1"
"气象厅发布","1","1"
"气球星期一","1","1"
"民通过第二","1","1"
"民进党执政","1","1"
"民进党总统","1","1"
"民调结果显","1","1"
"民调机构陆","1","1"
"民调封关日","1","1"
"民纷纷离家","1","1"
"民意为后盾","1","1"
"民国宪法带","1","1"
"民党若执政","1","1"
"民党总统候","1","1"
"民党主席朱","1","1"
"民众透过地","1","1"
"民众表示担","1","1"
"民众有关消","1","1"
"民众党总统","1","1"
"民主党党首","1","1"
"毛泽东去世","1","1"
"比特币近两","1","1"
"比亞迪此前","1","1"
"比亞迪按季","1","1"
"比亞迪全球","1","1"
"比亚迪至此","1","1"
"每时每刻都","1","1"
"每年都击败","1","1"
"每天有成千","1","1"
"每刻都在浪","1","1"
"每人每年浪","1","1"
"每个旅游团","1","1"
"母舰福建舰","1","1"
"母舰打击群","1","1"
"段非同寻常","1","1"
"殊荣非英伟","1","1"
"死嫌疑調查","1","1"
"死亡病例数","1","1"
"死亡人数已","1","1"
"死亡人数增","1","1"
"武装组织进","1","1"
"武装对红海","1","1"
"武百貨的西","1","1"
"武池袋總店","1","1"
"武汉段星期","1","1"
"此次强震目","1","1"
"此案作为国","1","1"
"此时抬头遥","1","1"
"此成为全球","1","1"
"此前巴克莱","1","1"
"此前对能登","1","1"
"此前公佈的","1","1"
"此前作為日","1","1"
"此前中国内","1","1"
"正談日企競","1","1"
"正确的选择","1","1"
"正确的一边","1","1"
"正展开调查","1","1"
"正在日本各","1","1"
"正在将此案","1","1"
"正加快搜尋","1","1"
"止芯片设备","1","1"
"歐美的最低","1","1"
"款对华光刻","1","1"
"次超過特斯","1","1"
"次致电鸿海","1","1"
"次的中国国","1","1"
"次强震目前","1","1"
"次執筆排名","1","1"
"次发生意外","1","1"
"次击杀胡塞","1","1"
"次以上震度","1","1"
"櫃檯前不斷","1","1"
"檯前不斷有","1","1"
"機進行稀土","1","1"
"機艙內煙霧","1","1"
"機的通訊記","1","1"
"機當時已得","1","1"
"機正在燃燒","1","1"
"樹齡高的樹","1","1"
"樹木的砍伐","1","1"
"樹木加強保","1","1"
"樣品最早於","1","1"
"模式很大程","1","1"
"模式已难以","1","1"
"楼和道路来","1","1"
"業的起薪達","1","1"
"業的市場規","1","1"
"業後客人們","1","1"
"業務過失致","1","1"
"業務的臺商","1","1"
"森林保護讓","1","1"
"桑拿房一樣","1","1"
"案作为国内","1","1"
"框架以将它","1","1"
"根的律师费","1","1"
"根有婚外情","1","1"
"根据科学数","1","1"
"核電站安全","1","1"
"核電站和柏","1","1"
"核電站也沒","1","1"
"核電站並未","1","1"
"核电厂辐射","1","1"
"核电厂建筑","1","1"
"核动力航空","1","1"
"校园足球等","1","1"
"栋房屋倒塌","1","1"
"柳井正談日","1","1"
"柱狀固態電","1","1"
"柱形全固態","1","1"
"柯盈配支持","1","1"
"查获民众透","1","1"
"查事故原因","1","1"
"查东京羽田","1","1"
"柏崎刈羽核","1","1"
"架飞机在东","1","1"
"架飛機的通","1","1"
"架碰撞海上","1","1"
"架海上保安","1","1"
"架机体全损","1","1"
"架日本海上","1","1"
"架客机是全","1","1"
"架以将它纳","1","1"
"枪杀被以军","1","1"
"果公司股价","1","1"
"果公司又遭","1","1"
"枚中国大陆","1","1"
"林保護讓日","1","1"
"析管制員和","1","1"
"析师下调了","1","1"
"构陆续在星","1","1"
"构重大事项","1","1"
"构改革会议","1","1"
"构优化整合","1","1"
"板塊邊界進","1","1"
"東盟的貿易","1","1"
"東映動畫開","1","1"
"東北海域的","1","1"
"東京電力控","1","1"
"東京證券交","1","1"
"来越多的香","1","1"
"来西亚只有","1","1"
"来西亚反对","1","1"
"来相当于每","1","1"
"来的最大单","1","1"
"来民众表示","1","1"
"来最高纪录","1","1"
"来推动经济","1","1"
"来所未见的","1","1"
"来刺激经济","1","1"
"来全球首次","1","1"
"来了更大的","1","1"
"来一直是集","1","1"
"来一年采取","1","1"
"条电磁弹射","1","1"
"李应记上一","1","1"
"李在明在釜","1","1"
"杉木是做鋼","1","1"
"权近一年后","1","1"
"权引发了一","1","1"
"权力的法案","1","1"
"杀被以军抓","1","1"
"杀胡塞武装","1","1"
"机组人员都","1","1"
"机组人员在","1","1"
"机相撞后起","1","1"
"机构陆续在","1","1"
"机构重大事","1","1"
"机构改革会","1","1"
"机构优化整","1","1"
"机是全球首","1","1"
"机已确定全","1","1"
"机场发生的","1","1"
"机场发生撞","1","1"
"机后起火燃","1","1"
"机发生爆炸","1","1"
"机击沉其中","1","1"
"机出口许可","1","1"
"机体全损的","1","1"
"机事件后迅","1","1"
"机上的所有","1","1"
"机上的六人","1","1"
"机上六名人","1","1"
"朱立伦率领","1","1"
"本首相表示","1","1"
"本面的支撑","1","1"
"本開啟新年","1","1"
"本鋼琴生産","1","1"
"本車唯一納","1","1"
"本要開發可","1","1"
"本航空表示","1","1"
"本航空的飞","1","1"
"本能登發生","1","1"
"本能登地震","1","1"
"本能登半島","1","1"
"本股市面臨","1","1"
"本股市上漲","1","1"
"本股價的上","1","1"
"本羽田机场","1","1"
"本科畢業的","1","1"
"本目前的工","1","1"
"本的相關人","1","1"
"本的專屬經","1","1"
"本百貨公司","1","1"
"本海沿岸全","1","1"
"本海上保安","1","1"
"本海一側的","1","1"
"本气象厅星","1","1"
"本培養動畫","1","1"
"本國産的産","1","1"
"本各地蔓延","1","1"
"本协助调查","1","1"
"本動畫産業","1","1"
"本以为迫在","1","1"
"本东京和大","1","1"
"未见的对中","1","1"
"未来一年采","1","1"
"未影響核電","1","1"
"未因地震發","1","1"
"木的砍伐減","1","1"
"木材很少見","1","1"
"木是做鋼琴","1","1"
"木加強保護","1","1"
"期间一直有","1","1"
"期侦破中国","1","1"
"期以来一直","1","1"
"期一元旦下","1","1"
"望太阳的视","1","1"
"望在动能稳","1","1"
"朗普当选美","1","1"
"服役以来全","1","1"
"服务的一名","1","1"
"有鼓励弃保","1","1"
"有风有雨是","1","1"
"有雨是常态","1","1"
"有说明理由","1","1"
"有表现出对","1","1"
"有節的好木","1","1"
"有监管制度","1","1"
"有的甚至是","1","1"
"有發生異常","1","1"
"有有出人意","1","1"
"有新員工一","1","1"
"有携带手提","1","1"
"有损坏或泄","1","1"
"有成千上万","1","1"
"有多栋房屋","1","1"
"有多场政治","1","1"
"有多人受伤","1","1"
"有外國顧客","1","1"
"有力的新措","1","1"
"有出人意表","1","1"
"有关消灭臭","1","1"
"有人的预期","1","1"
"有人料到美","1","1"
"有亚洲货币","1","1"
"有五人遇难","1","1"
"有五人死亡","1","1"
"有乘客驚慌","1","1"
"有乘客和机","1","1"
"月銷量約為","1","1"
"月通过的一","1","1"
"月起落实永","1","1"
"月以来的最","1","1"
"月中旬相比","1","1"
"會調查事故","1","1"
"最高领导人","1","1"
"最高管理層","1","1"
"最高法院权","1","1"
"最高法院星","1","1"
"最高使节期","1","1"
"最靠近太阳","1","1"
"最重要的關","1","1"
"最赚钱的业","1","1"
"最新消息指","1","1"
"最新民调结","1","1"
"最差的股市","1","1"
"最大资产是","1","1"
"最大电动汽","1","1"
"最大在野党","1","1"
"最大单日涨","1","1"
"最多只能潛","1","1"
"最关键的步","1","1"
"最佳总执行","1","1"
"最低時薪約","1","1"
"曾经炙手可","1","1"
"曾多次致电","1","1"
"曾在缅甸警","1","1"
"更许可信息","1","1"
"更广泛的战","1","1"
"更大的压力","1","1"
"更多同样的","1","1"
"更多刺激措","1","1"
"更合理地规","1","1"
"更发生海啸","1","1"
"暗中为抵抗","1","1"
"暂停市场交","1","1"
"智能手表等","1","1"
"景感到担忧","1","1"
"普通消费者","1","1"
"普当选美国","1","1"
"晚逃离撞机","1","1"
"晚越过台海","1","1"
"晚袭击位于","1","1"
"時的大海嘯","1","1"
"時已得到著","1","1"
"時內發生了","1","1"
"時候喉嚨好","1","1"
"時使其更加","1","1"
"显示国内经","1","1"
"显了台军反","1","1"
"是集团最赚","1","1"
"是认为华人","1","1"
"是美军首次","1","1"
"是空中巴士","1","1"
"是秦刚在美","1","1"
"是最关键的","1","1"
"是时候歇口","1","1"
"是快乐无比","1","1"
"是幼儿园就","1","1"
"是市场的焦","1","1"
"是將蘇打水","1","1"
"是另一架碰","1","1"
"是原创米老","1","1"
"是分析管制","1","1"
"是全球首架","1","1"
"是做鋼琴和","1","1"
"是买入中国","1","1"
"是中美两国","1","1"
"是不易被日","1","1"
"是一年当中","1","1"
"昨天在加沙","1","1"
"映動畫開設","1","1"
"星期一元旦","1","1"
"星半导体部","1","1"
"易被日元升","1","1"
"易所的市場","1","1"
"易所周三在","1","1"
"易员缩小对","1","1"
"易依存度較","1","1"
"明理由的情","1","1"
"明无意卷入","1","1"
"明在釜山参","1","1"
"时间里上涨","1","1"
"时过后抵达","1","1"
"时许发生规","1","1"
"时没有携带","1","1"
"时每刻都在","1","1"
"时抬头遥望","1","1"
"时扫除了蚂","1","1"
"时候歇口气","1","1"
"时代表中国","1","1"
"时也是空中","1","1"
"时也提出要","1","1"
"旨在削弱最","1","1"
"旦大地震至","1","1"
"旦大地震的","1","1"
"旦前夕宣布","1","1"
"旦假期刚过","1","1"
"旦下午发生","1","1"
"日開始施行","1","1"
"日起在桃园","1","1"
"日航客机起","1","1"
"日益紧张感","1","1"
"日本首相表","1","1"
"日本開啟新","1","1"
"日本鋼琴生","1","1"
"日本車唯一","1","1"
"日本要開發","1","1"
"日本航空表","1","1"
"日本航空的","1","1"
"日本能登發","1","1"
"日本能登地","1","1"
"日本能登半","1","1"
"日本股市面","1","1"
"日本股市上","1","1"
"日本股價的","1","1"
"日本羽田机","1","1"
"日本目前的","1","1"
"日本的相關","1","1"
"日本的專屬","1","1"
"日本百貨公","1","1"
"日本海沿岸","1","1"
"日本海上保","1","1"
"日本海一側","1","1"
"日本气象厅","1","1"
"日本培養動","1","1"
"日本國産的","1","1"
"日本各地蔓","1","1"
"日本协助调","1","1"
"日本動畫産","1","1"
"日本东京和","1","1"
"日是中美两","1","1"
"日客消費復","1","1"
"日在红海袭","1","1"
"日向全国发","1","1"
"日召开机构","1","1"
"日北上深圳","1","1"
"日前宣布起","1","1"
"日前公布民","1","1"
"日元獎學金","1","1"
"日元升值等","1","1"
"日元升值的","1","1"
"日企競爭力","1","1"
"日举行总统","1","1"
"无意支持推","1","1"
"无意卷入更","1","1"
"无家者身处","1","1"
"无人机星期","1","1"
"旗下名声响","1","1"
"旅游部数据","1","1"
"旅游胜地威","1","1"
"旅游的一大","1","1"
"旅游团最多","1","1"
"旅游人数同","1","1"
"旅游业者所","1","1"
"施行新清單","1","1"
"施来刺激经","1","1"
"施压荷兰半","1","1"
"施前取消对","1","1"
"於比亞迪此","1","1"
"方要以实际","1","1"
"方等正加快","1","1"
"方正展开调","1","1"
"方正在将此","1","1"
"方数据显示","1","1"
"方政府债务","1","1"
"方展开和平","1","1"
"方元旦下午","1","1"
"方以業務過","1","1"
"方今天宣布","1","1"
"斷有外國顧","1","1"
"新的疲软迹","1","1"
"新消息指出","1","1"
"新泻县的柏","1","1"
"新民调结果","1","1"
"新措施来刺","1","1"
"新年首次銷","1","1"
"新年音乐会","1","1"
"新年贺词中","1","1"
"新年第一周","1","1"
"新年第一个","1","1"
"新員工起薪","1","1"
"新員工一律","1","1"
"新品火力全","1","1"
"新加坡内政","1","1"
"新加坡元在","1","1"
"新党前党员","1","1"
"斯麦在出口","1","1"
"斯麦向中国","1","1"
"斯麦公司该","1","1"
"斯特新年音","1","1"
"斯政治局副","1","1"
"斯拉去年第","1","1"
"斯拉公司第","1","1"
"斯坦激进组","1","1"
"料池的水发","1","1"
"料到美国股","1","1"
"斋节或逾越","1","1"
"文章和照片","1","1"
"文研究人員","1","1"
"文化和旅游","1","1"
"數世界第一","1","1"
"整體銷量擴","1","1"
"数民调显示","1","1"
"数据显示国","1","1"
"数据中心测","1","1"
"数已上升到","1","1"
"数字大幅超","1","1"
"数同比增长","1","1"
"数双双写下","1","1"
"散播不实消","1","1"
"散播不实信","1","1"
"教育都相对","1","1"
"教育发挥功","1","1"
"救援人员要","1","1"
"救中国足球","1","1"
"政部长尚穆","1","1"
"政部长兼律","1","1"
"政策令台湾","1","1"
"政的民进党","1","1"
"政治局副主","1","1"
"政执法体制","1","1"
"政府部分吊","1","1"
"政府等對樹","1","1"
"政府特别允","1","1"
"政府我一定","1","1"
"政府开始修","1","1"
"政府带来了","1","1"
"政府公布的","1","1"
"政府债务风","1","1"
"政将与中国","1","1"
"政八年的外","1","1"
"政党和许多","1","1"
"放弃对蚂蚁","1","1"
"改监管框架","1","1"
"收抵免車型","1","1"
"支持率稳定","1","1"
"支持推出更","1","1"
"支付机构重","1","1"
"支付宝变更","1","1"
"擴大到了跟","1","1"
"據點開展業","1","1"
"播不实消息","1","1"
"播不实信息","1","1"
"撤资和制裁","1","1"
"撞海上保安","1","1"
"撞机后起火","1","1"
"撞机事件后","1","1"
"摻入紹興酒","1","1"
"摩天大楼和","1","1"
"携带手提行","1","1"
"搜尋失蹤人","1","1"
"援人员要前","1","1"
"握主流民意","1","1"
"提高新員工","1","1"
"提醒已解除","1","1"
"提行李应记","1","1"
"提出要着力","1","1"
"提出了在汽","1","1"
"提供舒适的","1","1"
"提供的一条","1","1"
"措施来刺激","1","1"
"推進供應鏈","1","1"
"推廣全固態","1","1"
"推動了日本","1","1"
"推动经济发","1","1"
"推动打击非","1","1"
"推动中美关","1","1"
"推出更多刺","1","1"
"推出圓柱狀","1","1"
"控股公司周","1","1"
"控制权近一","1","1"
"控制人的程","1","1"
"接进语音信","1","1"
"接投資增加","1","1"
"探空气球星","1","1"
"排名下滑至","1","1"
"掌門人柳井","1","1"
"据称在酒店","1","1"
"据科学数据","1","1"
"据知情人士","1","1"
"据画面研判","1","1"
"据显示国内","1","1"
"据中心测算","1","1"
"据中国文化","1","1"
"损坏或泄漏","1","1"
"挣扎求存的","1","1"
"按季度計算","1","1"
"按可比口径","1","1"
"指这可能威","1","1"
"指新加坡内","1","1"
"指政府特别","1","1"
"指出该公司","1","1"
"持续低迷且","1","1"
"持推出更多","1","1"
"拿房一樣熱","1","1"
"拿大政府等","1","1"
"拿大加強森","1","1"
"拯救中国足","1","1"
"括轮岛市一","1","1"
"括在管理上","1","1"
"择泰国的主","1","1"
"择在假日北","1","1"
"拜登政府要","1","1"
"招聘到優秀","1","1"
"拘留的巴勒","1","1"
"拉去年第四","1","1"
"拉公司第四","1","1"
"担忧的迹象","1","1"
"担尚穆根的","1","1"
"担任中国驻","1","1"
"抵達了日本","1","1"
"抵达韩国东","1","1"
"抵日本协助","1","1"
"抵抗武装组","1","1"
"抵制行动并","1","1"
"抵免車型清","1","1"
"抬头遥望太","1","1"
"报教育发挥","1","1"
"抗衝擊性好","1","1"
"抗武装组织","1","1"
"投资者都想","1","1"
"投资者经历","1","1"
"投资者来说","1","1"
"投资者本以","1","1"
"投资者感到","1","1"
"投资建设工","1","1"
"投資銳減至","1","1"
"投資一直到","1","1"
"投入水下無","1","1"
"抓获及拘留","1","1"
"承诺放弃对","1","1"
"承担尚穆根","1","1"
"批评民进党","1","1"
"批发和零售","1","1"
"扫除了蚂蚁","1","1"
"执法体制改","1","1"
"执政的民进","1","1"
"执政将与中","1","1"
"执政八年的","1","1"
"打水摻入紹","1","1"
"打击非法鞭","1","1"
"打击群将返","1","1"
"打交道时代","1","1"
"扎求存的无","1","1"
"手表等领域","1","1"
"手提行李应","1","1"
"手可热的行","1","1"
"手依然短缺","1","1"
"手五根手指","1","1"
"所的市場改","1","1"
"所未见的对","1","1"
"所有新員工","1","1"
"所有人的预","1","1"
"所有亚洲货","1","1"
"所有乘客和","1","1"
"所提供的一","1","1"
"所周三在没","1","1"
"所发起的抵","1","1"
"房间留下了","1","1"
"房地产持续","1","1"
"截至日本時","1","1"
"或逾越节期","1","1"
"我們認為飛","1","1"
"我們將與相","1","1"
"我们每时每","1","1"
"我们总是认","1","1"
"我一定势在","1","1"
"成還能當簽","1","1"
"成过大的压","1","1"
"成至少六人","1","1"
"成的開蓋即","1","1"
"成巨大地震","1","1"
"成千上万游","1","1"
"成企業對大","1","1"
"成了变更为","1","1"
"成了他下台","1","1"
"成为大马人","1","1"
"成为全球最","1","1"
"成为了世界","1","1"
"慌失措大喊","1","1"
"態電池的方","1","1"
"感覺就像桑","1","1"
"感到担忧的","1","1"
"愛的街邊中","1","1"
"意选择泰国","1","1"
"意表的结果","1","1"
"意支持推出","1","1"
"意支付宝变","1","1"
"意大利旅游","1","1"
"意味着这家","1","1"
"意卷入更广","1","1"
"想知道今后","1","1"
"惡劣環境下","1","1"
"情的冲击持","1","1"
"情报教育发","1","1"
"情成了他下","1","1"
"情况在近期","1","1"
"情人士以及","1","1"
"息引发关注","1","1"
"息幅度的押","1","1"
"息公示显示","1","1"
"息公开道歉","1","1"
"恐怖行动进","1","1"
"总统选举剩","1","1"
"总统蒋经国","1","1"
"总统和立委","1","1"
"总是认为华","1","1"
"性取决于央","1","1"
"急迫向观众","1","1"
"怖行动进行","1","1"
"态度是错误","1","1"
"怀疑态度是","1","1"
"快搜尋失蹤","1","1"
"志賀核電站","1","1"
"志军在官媒","1","1"
"德则将紧握","1","1"
"微处理器至","1","1"
"得马国永久","1","1"
"得到著陸許","1","1"
"後立刻向窗","1","1"
"後客人們小","1","1"
"律政部长尚","1","1"
"律宾证券交","1","1"
"律宾卫生部","1","1"
"律宾一名四","1","1"
"很大程度上","1","1"
"径违背国际","1","1"
"径会比平常","1","1"
"往位置偏远","1","1"
"往中东水域","1","1"
"彻斯特新年","1","1"
"役以来全球","1","1"
"影響核電站","1","1"
"影响种族和","1","1"
"影响他在与","1","1"
"形全固態電","1","1"
"当选美国总","1","1"
"当年特朗普","1","1"
"当局调查东","1","1"
"当局受促严","1","1"
"当地时间晚","1","1"
"当地旅游业","1","1"
"当劳的起诉","1","1"
"当劳日前宣","1","1"
"当于每人每","1","1"
"彈起來的衝","1","1"
"强震目前已","1","1"
"强震发生后","1","1"
"强调近期侦","1","1"
"强调会采取","1","1"
"强调他们所","1","1"
"强监管和打","1","1"
"强有力的新","1","1"
"强于华尔街","1","1"
"弹射轨道清","1","1"
"強森林保護","1","1"
"弱最高法院","1","1"
"弥漫在美股","1","1"
"张感到担忧","1","1"
"张志军在官","1","1"
"引起社会关","1","1"
"引起各方抨","1","1"
"引發的日本","1","1"
"引大马人到","1","1"
"引发纷乱之","1","1"
"引发了一场","1","1"
"式很大程度","1","1"
"式已难以为","1","1"
"弃对蚂蚁集","1","1"
"开销为吸引","1","1"
"开机构改革","1","1"
"开斋节或逾","1","1"
"开始修改监","1","1"
"开和平对话","1","1"
"开出什么拯","1","1"
"建设工期四","1","1"
"建舰星期二","1","1"
"建舰已进入","1","1"
"建筑物没有","1","1"
"建筑物倒塌","1","1"
"建立了牢固","1","1"
"建交的贺信","1","1"
"廳解除了能","1","1"
"廳發佈了長","1","1"
"廣全固態電","1","1"
"廉的开销为","1","1"
"康配与上月","1","1"
"康的留话和","1","1"
"度計算首次","1","1"
"度的汽车交","1","1"
"度汽车交付","1","1"
"度是错误的","1","1"
"度和台湾等","1","1"
"度上超出了","1","1"
"府部分吊销","1","1"
"府等對樹齡","1","1"
"府特别允许","1","1"
"府我一定势","1","1"
"府开始修改","1","1"
"府带来了更","1","1"
"府公布的数","1","1"
"府债务风险","1","1"
"店房间留下","1","1"
"店和超市開","1","1"
"底下逃生不","1","1"
"应记上一功","1","1"
"应美国拜登","1","1"
"庆祝两国建","1","1"
"庄涉嫌在台","1","1"
"广泛的战争","1","1"
"幼儿园就补","1","1"
"并非专门针","1","1"
"并表示将承","1","1"
"并歼灭至少","1","1"
"并强调近期","1","1"
"并在各县有","1","1"
"年香港居民","1","1"
"年首次銷售","1","1"
"年音乐会外","1","1"
"年降息幅度","1","1"
"年采取强有","1","1"
"年都击败了","1","1"
"年足球和校","1","1"
"年至少会有","1","1"
"年股市可能","1","1"
"年纪最大者","1","1"
"年纪念谒陵","1","1"
"年签署的蓝","1","1"
"年第四季度","1","1"
"年第一周令","1","1"
"年第一个工","1","1"
"年第一个交","1","1"
"年的外交政","1","1"
"年的企业正","1","1"
"年特朗普当","1","1"
"年最佳总执","1","1"
"年日本股市","1","1"
"年新品火力","1","1"
"年弥漫在美","1","1"
"年开局走低","1","1"
"年實現大幅","1","1"
"年大部分时","1","1"
"年多次執筆","1","1"
"年在海外会","1","1"
"年和令人失","1","1"
"年同期增长","1","1"
"年可望在动","1","1"
"年全球銷量","1","1"
"年以来所未","1","1"
"年以來的最","1","1"
"年以上的樹","1","1"
"年代後半期","1","1"
"年亚太地区","1","1"
"年两地民众","1","1"
"平的集权引","1","1"
"平的公开讲","1","1"
"平在庆祝两","1","1"
"平发表讲话","1","1"
"幅超过内地","1","1"
"幅度的押注","1","1"
"常的高速增","1","1"
"席阿鲁里死","1","1"
"席朱立伦率","1","1"
"席前总统蒋","1","1"
"席习近平在","1","1"
"師嚴重短缺","1","1"
"師使出各種","1","1"
"带来了更大","1","1"
"带星期一元","1","1"
"带手提行李","1","1"
"带居民纷纷","1","1"
"带北部击毙","1","1"
"师下调了该","1","1"
"布起诉大马","1","1"
"布的数据显","1","1"
"布海啸警报","1","1"
"布新年寄语","1","1"
"市面臨日元","1","1"
"市開始了新","1","1"
"市长韩国瑜","1","1"
"市的主要障","1","1"
"市挣扎求存","1","1"
"市场的焦点","1","1"
"市场的怀疑","1","1"
"市可能会出","1","1"
"市县加大机","1","1"
"市充满信心","1","1"
"市也有多栋","1","1"
"币近两年来","1","1"
"巴菲特的訪","1","1"
"巴嫩首都贝","1","1"
"巴勒斯坦激","1","1"
"巴勒斯坦人","1","1"
"已难以为继","1","1"
"已进入建造","1","1"
"已经于当地","1","1"
"已確認造成","1","1"
"已确定全员","1","1"
"已得到著陸","1","1"
"已上升到至","1","1"
"己的目標購","1","1"
"巨头迪士尼","1","1"
"巨头的投资","1","1"
"巨头特斯拉","1","1"
"巨头完成了","1","1"
"巨大地震和","1","1"
"工艺是最关","1","1"
"工期四年半","1","1"
"工作日召开","1","1"
"工一律提高","1","1"
"州罗彻斯特","1","1"
"川縣能登地","1","1"
"川縣大約有","1","1"
"川县能登半","1","1"
"崎刈羽核電","1","1"
"崇光西武百","1","1"
"島地震未影","1","1"
"島地震引發","1","1"
"峡两岸关系","1","1"
"岸更发生海","1","1"
"岸地区引发","1","1"
"岸关系和选","1","1"
"岸关系协会","1","1"
"岛一带星期","1","1"
"岁的青少年","1","1"
"山参加活动","1","1"
"屬經濟區投","1","1"
"層的工資是","1","1"
"展青少年足","1","1"
"展業務的臺","1","1"
"展开和平对","1","1"
"居民纷纷离","1","1"
"居民的身份","1","1"
"层燃料池的","1","1"
"屁股都彈起","1","1"
"局调查东京","1","1"
"局受促严厉","1","1"
"局势日益紧","1","1"
"局副主席阿","1","1"
"尼独家享有","1","1"
"就补习课业","1","1"
"就是原创米","1","1"
"就是一年当","1","1"
"就开始补习","1","1"
"就在习近平","1","1"
"就像桑拿房","1","1"
"尚穆根的律","1","1"
"尚穆根有婚","1","1"
"尔街对股市","1","1"
"尔街几乎所","1","1"
"少康的留话","1","1"
"少康星期一","1","1"
"少年足球和","1","1"
"少六人死亡","1","1"
"小跑著來到","1","1"
"小船并歼灭","1","1"
"小時的大海","1","1"
"小時內發生","1","1"
"小对美联储","1","1"
"小学就开始","1","1"
"對造成巨大","1","1"
"對立的背景","1","1"
"對所有新員","1","1"
"對大陸的投","1","1"
"對大陸投資","1","1"
"尋失蹤人員","1","1"
"專屬經濟區","1","1"
"將蘇打水摻","1","1"
"將與相關機","1","1"
"將無法享受","1","1"
"将返回母港","1","1"
"将紧握主流","1","1"
"将此案作为","1","1"
"将此前对能","1","1"
"将承担尚穆","1","1"
"将它纳入其","1","1"
"将在不久后","1","1"
"将加大反独","1","1"
"将何去何从","1","1"
"将会是市场","1","1"
"将从星期三","1","1"
"将与中国大","1","1"
"射轨道清晰","1","1"
"封关日前公","1","1"
"导致哈马斯","1","1"
"导在会上鼓","1","1"
"导体部门长","1","1"
"导人几乎没","1","1"
"寻常的高速","1","1"
"对麦当劳而","1","1"
"对重重障碍","1","1"
"对路还是走","1","1"
"对蚂蚁集团","1","1"
"对能登地区","1","1"
"对股市充满","1","1"
"对经济前景","1","1"
"对红海一艘","1","1"
"对水都造成","1","1"
"对手比亚迪","1","1"
"对南中国海","1","1"
"对华部分光","1","1"
"对华光刻机","1","1"
"对党炒作第","1","1"
"对付散播不","1","1"
"对于赵少康","1","1"
"对于有报道","1","1"
"对于教育都","1","1"
"对于制造先","1","1"
"对中国经济","1","1"
"对中国的部","1","1"
"对两岸关系","1","1"
"对一些投资","1","1"
"寮献花致敬","1","1"
"實現大幅增","1","1"
"察部队服务","1","1"
"富豪榜显示","1","1"
"宾证券交易","1","1"
"宾卫生部于","1","1"
"宾一名四岁","1","1"
"容量達到傳","1","1"
"家電量販店","1","1"
"家者身处的","1","1"
"家日企推出","1","1"
"家园计划获","1","1"
"家和地區的","1","1"
"家台灣上市","1","1"
"家们图个开","1","1"
"家享有版权","1","1"
"家主席习近","1","1"
"家中国媒体","1","1"
"害虫防治协","1","1"
"害正在日本","1","1"
"宪法带来灾","1","1"
"宣布起诉大","1","1"
"客驚慌失措","1","1"
"客親述逃離","1","1"
"客涌入香港","1","1"
"客涌入而对","1","1"
"客消費復甦","1","1"
"客机是全球","1","1"
"客机已确定","1","1"
"客机在东京","1","1"
"客机上的所","1","1"
"客提供舒适","1","1"
"客前來辦理","1","1"
"客们在逃生","1","1"
"客人們小跑","1","1"
"客事發後立","1","1"
"实际行动推","1","1"
"实现了一段","1","1"
"实现三连冠","1","1"
"实消息的人","1","1"
"实永久互免","1","1"
"实更合理地","1","1"
"实施前取消","1","1"
"实则暗中为","1","1"
"实信息公开","1","1"
"宝变更为无","1","1"
"定正确的选","1","1"
"定基本面的","1","1"
"定势在必行","1","1"
"定全员逃生","1","1"
"官网的非银","1","1"
"官方数据显","1","1"
"官媒发布新","1","1"
"完成了变更","1","1"
"安外长对南","1","1"
"安厅飞机相","1","1"
"安厅飞机上","1","1"
"安厅救灾飞","1","1"
"安危不确定","1","1"
"安全委員會","1","1"
"它纳入其中","1","1"
"學本科畢業","1","1"
"學成還能當","1","1"
"孩子可能会","1","1"
"孩子从小学","1","1"
"学就开始补","1","1"
"季度計算首","1","1"
"季度的汽车","1","1"
"季度汽车交","1","1"
"存的无家者","1","1"
"存在中國影","1","1"
"字大幅超过","1","1"
"子的评论文","1","1"
"子可能会影","1","1"
"子从小学就","1","1"
"嫩首都贝鲁","1","1"
"嫌疑人据称","1","1"
"嫌在台湾发","1","1"
"嫌在加沙枪","1","1"
"媒发布新年","1","1"
"媒体最新民","1","1"
"婚外情成了","1","1"
"娱乐巨头迪","1","1"
"威胁区域和","1","1"
"威尼斯宣布","1","1"
"委員會調查","1","1"
"始终不见效","1","1"
"始施行新清","1","1"
"始修改监管","1","1"
"始了新年首","1","1"
"如当年特朗","1","1"
"如何招聘到","1","1"
"好木材很少","1","1"
"好像被灼燒","1","1"
"女主播山内","1","1"
"头遥望太阳","1","1"
"头的投资者","1","1"
"头特斯拉去","1","1"
"头强于华尔","1","1"
"头寮献花致","1","1"
"头完成了变","1","1"
"失致死嫌疑","1","1"
"失去右手五","1","1"
"失九个邦交","1","1"
"央行的下一","1","1"
"央行官网的","1","1"
"央行同意支","1","1"
"太阳的视直","1","1"
"太阳的位置","1","1"
"太地区表现","1","1"
"天的强烈地","1","1"
"天有成千上","1","1"
"天大楼和道","1","1"
"天在加沙地","1","1"
"大马麦当劳","1","1"
"大马时间今","1","1"
"大马人到泰","1","1"
"大马人乐意","1","1"
"大飯核電站","1","1"
"大陸的投資","1","1"
"大陸為據點","1","1"
"大陸投資銳","1","1"
"大陆间谍案","1","1"
"大陆谈外交","1","1"
"大陆海峡两","1","1"
"大陆探空气","1","1"
"大陆将加大","1","1"
"大阪的害虫","1","1"
"大部分时间","1","1"
"大部分发生","1","1"
"大资产是现","1","1"
"大程度上超","1","1"
"大电动汽车","1","1"
"大溪头寮献","1","1"
"大海嘯警報","1","1"
"大海啸警报","1","1"
"大楼和道路","1","1"
"大机构优化","1","1"
"大政府等對","1","1"
"大幅超过内","1","1"
"大富豪榜显","1","1"
"大學本科畢","1","1"
"大地震至今","1","1"
"大地震的死","1","1"
"大地震和海","1","1"
"大在野党共","1","1"
"大反独力道","1","1"
"大卖点之外","1","1"
"大单日涨幅","1","1"
"大加強森林","1","1"
"大力发展青","1","1"
"大到了跟鈴","1","1"
"大利旅游胜","1","1"
"大产品线上","1","1"
"大事项变更","1","1"
"多道路严重","1","1"
"多的香港人","1","1"
"多民调机构","1","1"
"多次致电鸿","1","1"
"多次執筆排","1","1"
"多栋房屋倒","1","1"
"多数民调显","1","1"
"多投资者都","1","1"
"多岁的青少","1","1"
"多家中国媒","1","1"
"多场政治好","1","1"
"多同样的情","1","1"
"多只能潛至","1","1"
"多华人的孩","1","1"
"多刺激措施","1","1"
"外領域推廣","1","1"
"外长对南中","1","1"
"外部環境左","1","1"
"外的直接投","1","1"
"外情成了他","1","1"
"外國顧客前","1","1"
"外发生致命","1","1"
"外会有多场","1","1"
"外交部长秦","1","1"
"外交政策令","1","1"
"外交休兵背","1","1"
"复苏仍面临","1","1"
"备的许可证","1","1"
"备制造商阿","1","1"
"备出口禁令","1","1"
"处理器至关","1","1"
"声在网上掀","1","1"
"声响遍全球","1","1"
"士無奈地説","1","1"
"士尼独家享","1","1"
"士尼创造的","1","1"
"士基集装箱","1","1"
"士兵涉嫌在","1","1"
"士以及习近","1","1"
"增長率同比","1","1"
"境左右的因","1","1"
"塞武装对红","1","1"
"塞武装分子","1","1"
"塊邊界進行","1","1"
"基集装箱船","1","1"
"基本面的支","1","1"
"培養動畫師","1","1"
"執筆排名前","1","1"
"域的福特级","1","1"
"域的日本海","1","1"
"域推廣全固","1","1"
"城市挣扎求","1","1"
"型清單更新","1","1"
"坦激进组织","1","1"
"坡内政部长","1","1"
"坡元在过去","1","1"
"坚定正确的","1","1"
"坐在窗邊的","1","1"
"场的怀疑态","1","1"
"场毛泽东去","1","1"
"场政治好戏","1","1"
"场发生的致","1","1"
"场发生撞机","1","1"
"场与一架海","1","1"
"场与一架日","1","1"
"圳吃喝玩乐","1","1"
"地震至今造","1","1"
"地震的死亡","1","1"
"地震發生安","1","1"
"地震未影響","1","1"
"地震引發的","1","1"
"地震已確認","1","1"
"地震和海嘯","1","1"
"地都会进行","1","1"
"地规划饮食","1","1"
"地球公转轨","1","1"
"地游客涌入","1","1"
"地民众有关","1","1"
"地时间晚间","1","1"
"地旅游业者","1","1"
"地方政府债","1","1"
"地方元旦下","1","1"
"地政府开始","1","1"
"地带居民纷","1","1"
"地带北部击","1","1"
"地威尼斯宣","1","1"
"地區的研究","1","1"
"地區周邊在","1","1"
"地区表现最","1","1"
"地区引发海","1","1"
"地区发布的","1","1"
"地人喜愛的","1","1"
"地产持续低","1","1"
"地下钱庄涉","1","1"
"在高端芯片","1","1"
"在马来西亚","1","1"
"在香港经济","1","1"
"在餐馆和餐","1","1"
"在食物从生","1","1"
"在韩国东部","1","1"
"在釜山参加","1","1"
"在野蓝白两","1","1"
"在野国民党","1","1"
"在野党共同","1","1"
"在酒店房间","1","1"
"在选前的电","1","1"
"在逃生时没","1","1"
"在这个曾经","1","1"
"在近期能改","1","1"
"在过去约两","1","1"
"在过去两年","1","1"
"在著陸的時","1","1"
"在芯片的制","1","1"
"在美股市场","1","1"
"在美国出生","1","1"
"在网上掀起","1","1"
"在缅甸警察","1","1"
"在红海袭击","1","1"
"在管理上加","1","1"
"在窗邊的乘","1","1"
"在福井縣內","1","1"
"在短视频平","1","1"
"在短短几分","1","1"
"在眉睫的经","1","1"
"在海外会有","1","1"
"在浪费食物","1","1"
"在没有说明","1","1"
"在汽車以外","1","1"
"在此模式下","1","1"
"在東盟的貿","1","1"
"在未来一年","1","1"
"在明在釜山","1","1"
"在日本的專","1","1"
"在日本各地","1","1"
"在担任中国","1","1"
"在惡劣環境","1","1"
"在底下逃生","1","1"
"在庆祝两国","1","1"
"在崇光西武","1","1"
"在将此案作","1","1"
"在官媒发布","1","1"
"在城市挣扎","1","1"
"在周日向全","1","1"
"在各县有多","1","1"
"在台湾发展","1","1"
"在历史正确","1","1"
"在动能稳定","1","1"
"在加沙枪杀","1","1"
"在加沙地带","1","1"
"在削弱最高","1","1"
"在出口禁令","1","1"
"在假日北上","1","1"
"在保留紹興","1","1"
"在会上鼓励","1","1"
"在以哈冲突","1","1"
"在亿万富豪","1","1"
"在于走对路","1","1"
"在习近平发","1","1"
"在主要乘用","1","1"
"在中美對立","1","1"
"在中國影響","1","1"
"在与美国人","1","1"
"在不久后进","1","1"
"圓柱狀固態","1","1"
"圓柱形全固","1","1"
"國顧客前來","1","1"
"國造電池零","1","1"
"國科學院有","1","1"
"國産的産品","1","1"
"國産水下無","1","1"
"國家和地區","1","1"
"國大陸和台","1","1"
"图个开门大","1","1"
"国驻美国最","1","1"
"国首相社德","1","1"
"国际贸易规","1","1"
"国防部查获","1","1"
"国防部侦获","1","1"
"国通过投资","1","1"
"国车企比亚","1","1"
"国足球要踏","1","1"
"国足球的药","1","1"
"国足球出点","1","1"
"国足协开出","1","1"
"国股票的信","1","1"
"国股市会在","1","1"
"国经济的信","1","1"
"国经济和企","1","1"
"国纽约州罗","1","1"
"国第三艘航","1","1"
"国竞争对手","1","1"
"国的霸凌行","1","1"
"国的部分光","1","1"
"国的主要原","1","1"
"国电动车巨","1","1"
"国甘肃省在","1","1"
"国海局势日","1","1"
"国海军在以","1","1"
"国永久居民","1","1"
"国气象厅说","1","1"
"国民党若执","1","1"
"国民党总统","1","1"
"国民党主席","1","1"
"国最高领导","1","1"
"国最高使节","1","1"
"国最大在野","1","1"
"国旅游的一","1","1"
"国施压荷兰","1","1"
"国文化和旅","1","1"
"国政府带来","1","1"
"国政府公布","1","1"
"国拜登政府","1","1"
"国房地产持","1","1"
"国总统般的","1","1"
"国建交的贺","1","1"
"国将从今年","1","1"
"国家主席习","1","1"
"国宪法带来","1","1"
"国实现了一","1","1"
"国央行官网","1","1"
"国大陆间谍","1","1"
"国大陆谈外","1","1"
"国大陆海峡","1","1"
"国大陆探空","1","1"
"国大陆将加","1","1"
"国外交部发","1","1"
"国国家主席","1","1"
"国国内旅游","1","1"
"国和中国将","1","1"
"国发表的新","1","1"
"国制造麻烦","1","1"
"国利益的能","1","1"
"国出生的孩","1","1"
"国出口光刻","1","1"
"国出口一些","1","1"
"国内经济出","1","1"
"国内旅游人","1","1"
"国内恐怖行","1","1"
"国内地游客","1","1"
"国公民通过","1","1"
"国人打交道","1","1"
"国互联网巨","1","1"
"国事后表明","1","1"
"国东部海岸","1","1"
"固態電池的","1","1"
"园足球等等","1","1"
"园计划获得","1","1"
"园就补习课","1","1"
"团的控制权","1","1"
"团最赚钱的","1","1"
"团上市的主","1","1"
"因是秦刚在","1","1"
"因散播不实","1","1"
"因地震發生","1","1"
"因为这意味","1","1"
"回应时指出","1","1"
"四岁男童玩","1","1"
"四季度的汽","1","1"
"四季度汽车","1","1"
"四大产品线","1","1"
"四个百分点","1","1"
"嚨好像被灼","1","1"
"器至关重要","1","1"
"嘯的板塊邊","1","1"
"嘯提醒已解","1","1"
"嘯抵達了日","1","1"
"喜愛的街邊","1","1"
"喉嚨好像被","1","1"
"啸已经于当","1","1"
"啟新年首賣","1","1"
"商阿斯麦向","1","1"
"商家们图个","1","1"
"商品交易总","1","1"
"唯一納入的","1","1"
"員的工資是","1","1"
"員會調查事","1","1"
"員工一律提","1","1"
"員和高層管","1","1"
"員和兩架飛","1","1"
"响遍全球的","1","1"
"响种族和谐","1","1"
"响他在与美","1","1"
"哈马斯证实","1","1"
"哈马斯政治","1","1"
"哈马斯成员","1","1"
"哈马斯办公","1","1"
"哈冲突爆发","1","1"
"品越來越多","1","1"
"品製造為中","1","1"
"品火力全开","1","1"
"品最多只能","1","1"
"品交易总额","1","1"
"咨询个案激","1","1"
"和高層管理","1","1"
"和餐饮服务","1","1"
"和零售环节","1","1"
"和道路来推","1","1"
"和选情的冲","1","1"
"和超市開始","1","1"
"和许多民调","1","1"
"和立委大选","1","1"
"和礦物的純","1","1"
"和海嘯的板","1","1"
"和死亡病例","1","1"
"和校园足球","1","1"
"和柏崎刈羽","1","1"
"和東京電力","1","1"
"和旅游部数","1","1"
"和打击腐败","1","1"
"和天桥底下","1","1"
"和大阪的害","1","1"
"和地區的研","1","1"
"和吉他的絕","1","1"
"和台灣優先","1","1"
"和台灣也來","1","1"
"和台湾等地","1","1"
"和制裁组织","1","1"
"和兩架飛機","1","1"
"和企业盈利","1","1"
"和令人失望","1","1"
"和中国将从","1","1"
"命撞机事件","1","1"
"命危险假装","1","1"
"呼吁各方展","1","1"
"呼吁台胞站","1","1"
"味着这家成","1","1"
"周日向全国","1","1"
"周年纪念谒","1","1"
"周冠病确诊","1","1"
"周令投资者","1","1"
"周三在没有","1","1"
"员都成功逃","1","1"
"员要前往位","1","1"
"员缩小对美","1","1"
"员的安危不","1","1"
"员据画面研","1","1"
"员在短短几","1","1"
"员因散播不","1","1"
"员中有五人","1","1"
"吼叫声在网","1","1"
"吸氣的時候","1","1"
"吸引大马人","1","1"
"向观众喊话","1","1"
"向窗外望去","1","1"
"向制宪建国","1","1"
"向全国发表","1","1"
"后迅速起火","1","1"
"后起火燃烧","1","1"
"后表明无意","1","1"
"后虽再三灭","1","1"
"后的逻辑是","1","1"
"后派往中东","1","1"
"后抵达韩国","1","1"
"后将何去何","1","1"
"后前两者有","1","1"
"后余震不断","1","1"
"后于中国车","1","1"
"后于中国竞","1","1"
"名组员的安","1","1"
"名武装分子","1","1"
"名声响遍全","1","1"
"名四岁男童","1","1"
"名哈马斯成","1","1"
"名以色列士","1","1"
"名人员中有","1","1"
"名乘客和机","1","1"
"名下滑至第","1","1"
"同民主党党","1","1"
"同样的情况","1","1"
"同時使其更","1","1"
"同时扫除了","1","1"
"同时也是空","1","1"
"同时也提出","1","1"
"同意支付宝","1","1"
"同寻常的高","1","1"
"吊销了阿斯","1","1"
"吉他的絕佳","1","1"
"合肥至武汉","1","1"
"合肥南等八","1","1"
"合理地规划","1","1"
"合政府我一","1","1"
"合六点共识","1","1"
"各方展开和","1","1"
"各政党和许","1","1"
"各地政府开","1","1"
"各县有多人","1","1"
"各县市也有","1","1"
"吁各方展开","1","1"
"吁台胞站在","1","1"
"司该公司向","1","1"
"司第四季度","1","1"
"司硬件销售","1","1"
"司的客机在","1","1"
"司客机上的","1","1"
"司向中国出","1","1"
"司又遭遇看","1","1"
"司一架飞机","1","1"
"右手五根手","1","1"
"史纪录来看","1","1"
"史正确的一","1","1"
"台胞站在历","1","1"
"台的导火索","1","1"
"台灣優先經","1","1"
"台灣也來買","1","1"
"台灣上市企","1","1"
"台湾等地都","1","1"
"台湾民进党","1","1"
"台湾总统选","1","1"
"台湾官方通","1","1"
"台湾媒体最","1","1"
"台湾外交部","1","1"
"台湾发展组","1","1"
"台湾丢失九","1","1"
"台军反情报","1","1"
"可说一夕爆","1","1"
"可能需要在","1","1"
"可能性取决","1","1"
"可能威胁区","1","1"
"可能会影响","1","1"
"可能会出现","1","1"
"可热的行业","1","1"
"可比口径较","1","1"
"可望在动能","1","1"
"可持续发展","1","1"
"可信息公示","1","1"
"可以潛入東","1","1"
"可以在惡劣","1","1"
"召开机构改","1","1"
"叫声在网上","1","1"
"只能潛至水","1","1"
"另一架碰撞","1","1"
"口禁令生效","1","1"
"口禁令实施","1","1"
"口光刻设备","1","1"
"口一些光刻","1","1"
"变更许可信","1","1"
"受访的马来","1","1"
"受访学者评","1","1"
"受當地人喜","1","1"
"受到了屁股","1","1"
"受促严厉对","1","1"
"取自卫行动","1","1"
"取消对华部","1","1"
"取消对中国","1","1"
"取消两款对","1","1"
"取强有力的","1","1"
"取决于央行","1","1"
"发起的抵制","1","1"
"发言人对此","1","1"
"发言人回应","1","1"
"发表讲话数","1","1"
"发表的新年","1","1"
"发纷乱之后","1","1"
"发生致命车","1","1"
"发生的致命","1","1"
"发生撞机事","1","1"
"发生批发和","1","1"
"发生在餐馆","1","1"
"发生在食物","1","1"
"发生在家庭","1","1"
"发生后余震","1","1"
"发布海啸警","1","1"
"发布新年寄","1","1"
"发展青少年","1","1"
"发和零售环","1","1"
"发后派往中","1","1"
"发了一场毛","1","1"
"反驳麦当劳","1","1"
"反情报教育","1","1"
"反对党炒作","1","1"
"双方要以实","1","1"
"双双写下新","1","1"
"双写下新高","1","1"
"及拘留的巴","1","1"
"及学会利用","1","1"
"及习近平的","1","1"
"又遭遇看空","1","1"
"参加活动时","1","1"
"县能登地方","1","1"
"县能登地区","1","1"
"县能登半岛","1","1"
"县的柏崎刈","1","1"
"县有多人受","1","1"
"县市也有多","1","1"
"县加大机构","1","1"
"去约两年时","1","1"
"去的还有好","1","1"
"去年签署的","1","1"
"去年第四季","1","1"
"去年弥漫在","1","1"
"去右手五根","1","1"
"去世引发纷","1","1"
"去一周冠病","1","1"
"原版米老鼠","1","1"
"原因是秦刚","1","1"
"原创米老鼠","1","1"
"压荷兰半导","1","1"
"压在底下逃","1","1"
"厉对付散播","1","1"
"历来最高纪","1","1"
"历史纪录来","1","1"
"历史正确的","1","1"
"历了糟糕的","1","1"
"历了动荡的","1","1"
"厅飞机相撞","1","1"
"厅飞机上的","1","1"
"厅的飞机相","1","1"
"厅的飞机发","1","1"
"厅救灾飞机","1","1"
"厅发布海啸","1","1"
"厂辐射水溢","1","1"
"厂建筑物没","1","1"
"卷入更广泛","1","1"
"却严重受损","1","1"
"即飲的飲料","1","1"
"危险假装为","1","1"
"印度和台湾","1","1"
"卫生部于星","1","1"
"南郊的哈马","1","1"
"南等八座车","1","1"
"南的貿易依","1","1"
"南中国海局","1","1"
"协开出什么","1","1"
"协助当局调","1","1"
"协会会长张","1","1"
"华部分光刻","1","1"
"华的香港隐","1","1"
"华民国宪法","1","1"
"华尔街对股","1","1"
"华尔街几乎","1","1"
"华光刻机出","1","1"
"华人的孩子","1","1"
"华人一般上","1","1"
"半島地震未","1","1"
"半島地震引","1","1"
"半岛一带星","1","1"
"半导体部门","1","1"
"午发生规模","1","1"
"升机星期天","1","1"
"升机击沉其","1","1"
"升值等外部","1","1"
"升值的風險","1","1"
"千米深海的","1","1"
"千上万游客","1","1"
"區的研究機","1","1"
"區投入水下","1","1"
"区面对重重","1","1"
"区表现最差","1","1"
"区引发海啸","1","1"
"北陸電力和","1","1"
"北部击毙数","1","1"
"北美産雲杉","1","1"
"北海域的日","1","1"
"北上深圳吃","1","1"
"化行政执法","1","1"
"化整合力度","1","1"
"化和旅游部","1","1"
"包括轮岛市","1","1"
"包括新加坡","1","1"
"包括在管理","1","1"
"務過失致死","1","1"
"務的臺商達","1","1"
"動畫開設了","1","1"
"動畫産業的","1","1"
"動畫師嚴重","1","1"
"動畫師使出","1","1"
"動汽車將無","1","1"
"動了日本股","1","1"
"勒斯坦激进","1","1"
"势日益紧张","1","1"
"势头强于华","1","1"
"劳的起诉毫","1","1"
"劳日前宣布","1","1"
"励市县加大","1","1"
"努力查明原","1","1"
"助当局调查","1","1"
"动进行调查","1","1"
"动车巨头特","1","1"
"动能稳定基","1","1"
"动经济发展","1","1"
"动直升机击","1","1"
"动汽车销量","1","1"
"动汽车制造","1","1"
"动推动中美","1","1"
"动打击非法","1","1"
"动并非专门","1","1"
"动力航空母","1","1"
"动中美关系","1","1"
"劣環境下使","1","1"
"务风险难以","1","1"
"务部门之一","1","1"
"加起来相当","1","1"
"加活动时遇","1","1"
"加沙枪杀被","1","1"
"加沙地带北","1","1"
"加拿大政府","1","1"
"加拿大加強","1","1"
"加快搜尋失","1","1"
"加强监管和","1","1"
"加強森林保","1","1"
"加大机构优","1","1"
"加大反独力","1","1"
"加坡内政部","1","1"
"加坡元在过","1","1"
"加上经济势","1","1"
"办人郭台铭","1","1"
"力設在福井","1","1"
"力航空母舰","1","1"
"力的法案无","1","1"
"力的新措施","1","1"
"力深化行政","1","1"
"力查明原因","1","1"
"力控股表示","1","1"
"力和東京電","1","1"
"力发展青少","1","1"
"劃在日本的","1","1"
"副主席阿鲁","1","1"
"剩饭不要扔","1","1"
"剩菜剩饭不","1","1"
"剩不到两周","1","1"
"前高雄市长","1","1"
"前的电视辩","1","1"
"前景感到担","1","1"
"前日本國産","1","1"
"前我們認為","1","1"
"前总统蒋经","1","1"
"前往位置偏","1","1"
"前巴克莱分","1","1"
"前对能登地","1","1"
"前宣布起诉","1","1"
"前外交部长","1","1"
"前取消对华","1","1"
"前公布民调","1","1"
"前党员因散","1","1"
"前來辦理手","1","1"
"前作為日本","1","1"
"前中国内地","1","1"
"前两者有段","1","1"
"前不斷有外","1","1"
"前一天的强","1","1"
"削弱最高法","1","1"
"刻都在浪费","1","1"
"刻设备的许","1","1"
"刻机出口许","1","1"
"刻工艺是最","1","1"
"刻向窗外望","1","1"
"刺激经济增","1","1"
"券交易所的","1","1"
"券交易所周","1","1"
"制造设备出","1","1"
"制造流程中","1","1"
"制造商阿斯","1","1"
"制造先进的","1","1"
"制行动并非","1","1"
"制权近一年","1","1"
"制度的范围","1","1"
"制員和兩架","1","1"
"制人的程序","1","1"
"到著陸許可","1","1"
"到自己的目","1","1"
"到美国股市","1","1"
"到消费的各","1","1"
"到泰国旅游","1","1"
"到担忧的迹","1","1"
"到大溪头寮","1","1"
"到历来最高","1","1"
"到優秀人才","1","1"
"到傳統型的","1","1"
"到了跟鈴木","1","1"
"到了屁股都","1","1"
"到两周之际","1","1"
"别允许中国","1","1"
"利益的能力","1","1"
"利的复苏仍","1","1"
"利旅游胜地","1","1"
"创办人郭台","1","1"
"刚在美国出","1","1"
"刚在担任中","1","1"
"则暗中为抵","1","1"
"则将紧握主","1","1"
"则下滑四个","1","1"
"列最高法院","1","1"
"列无人机星","1","1"
"列士兵涉嫌","1","1"
"列军方正展","1","1"
"列军方今天","1","1"
"划获得马国","1","1"
"刈羽核電站","1","1"
"分钟内从着","1","1"
"分析管制員","1","1"
"分析师下调","1","1"
"分时间里上","1","1"
"分吊销了阿","1","1"
"分发生在家","1","1"
"分原因是秦","1","1"
"击非法鞭炮","1","1"
"击退胡塞武","1","1"
"击败了其他","1","1"
"击群将返回","1","1"
"击沉三艘船","1","1"
"击杀胡塞武","1","1"
"击持续发酵","1","1"
"击位于黎巴","1","1"
"击一艘货船","1","1"
"出该公司硬","1","1"
"出要着力深","1","1"
"出生的孩子","1","1"
"出现更多同","1","1"
"出现新的疲","1","1"
"出点子的评","1","1"
"出游人数达","1","1"
"出更多刺激","1","1"
"出席前总统","1","1"
"出对经济前","1","1"
"出坚定正确","1","1"
"出圓柱狀固","1","1"
"出各種招數","1","1"
"出口禁令生","1","1"
"出口禁令实","1","1"
"出口光刻设","1","1"
"出口一些光","1","1"
"出动直升机","1","1"
"出什么拯救","1","1"
"出人意表的","1","1"
"出了现有监","1","1"
"出了在汽車","1","1"
"凸显了台军","1","1"
"几分钟内从","1","1"
"几乎没有表","1","1"
"几乎没有人","1","1"
"几乎所有人","1","1"
"减缓每天有","1","1"
"凌行径违背","1","1"
"况在近期能","1","1"
"决于央行的","1","1"
"冲突爆发后","1","1"
"冲击持续发","1","1"
"冠的可能性","1","1"
"冠病确诊和","1","1"
"军首次击杀","1","1"
"军直升机星","1","1"
"军方正展开","1","1"
"军方今天宣","1","1"
"军政府服务","1","1"
"军抓获及拘","1","1"
"军在官媒发","1","1"
"军在以哈冲","1","1"
"军反情报教","1","1"
"军出动直升","1","1"
"军事评论员","1","1"
"冒着生命危","1","1"
"再三灭火澄","1","1"
"内部调查发","1","1"
"内经济出现","1","1"
"内旅游人数","1","1"
"内政部长兼","1","1"
"内恐怖行动","1","1"
"内地游客涌","1","1"
"内从着火的","1","1"
"兼律政部长","1","1"
"其顶层燃料","1","1"
"其開發的圓","1","1"
"其更加適口","1","1"
"其实更合理","1","1"
"其全球销量","1","1"
"其全球电动","1","1"
"其他所有亚","1","1"
"其他如钢琴","1","1"
"其中大部分","1","1"
"其中包括新","1","1"
"兵背后的逻","1","1"
"兵涉嫌在加","1","1"
"关键的步骤","1","1"
"关键在于走","1","1"
"关系和选情","1","1"
"关系协会会","1","1"
"关消灭臭虫","1","1"
"关日前公布","1","1"
"共识仍适用","1","1"
"共设合肥南","1","1"
"共同民主党","1","1"
"共内部调查","1","1"
"兰禁止芯片","1","1"
"兰政府部分","1","1"
"兰取消两款","1","1"
"六点共识仍","1","1"
"六名人员中","1","1"
"六人中有五","1","1"
"公转轨道最","1","1"
"公民通过第","1","1"
"公斤的食物","1","1"
"公布的数据","1","1"
"公司该公司","1","1"
"公司第四季","1","1"
"公司硬件销","1","1"
"公司的客机","1","1"
"公司客机上","1","1"
"公司向中国","1","1"
"公司又遭遇","1","1"
"公司一架飞","1","1"
"八年的外交","1","1"
"兩架飛機的","1","1"
"全球首次发","1","1"
"全球首架机","1","1"
"全球销量仍","1","1"
"全球銷量首","1","1"
"全球銷量突","1","1"
"全球銷量同","1","1"
"全球的原版","1","1"
"全球的先买","1","1"
"全球电动汽","1","1"
"全球最大电","1","1"
"全年至少会","1","1"
"全委員會調","1","1"
"全国发表的","1","1"
"內的高浜核","1","1"
"內煙霧瀰漫","1","1"
"入香港消费","1","1"
"入而对水都","1","1"
"入紹興酒製","1","1"
"入水下無人","1","1"
"入東北海域","1","1"
"入更广泛的","1","1"
"入建造尾声","1","1"
"入中国股票","1","1"
"党首李在明","1","1"
"党若执政将","1","1"
"党炒作第二","1","1"
"党执政八年","1","1"
"党和许多民","1","1"
"党员因散播","1","1"
"党去年签署","1","1"
"党前党员因","1","1"
"党共同民主","1","1"
"党党首李在","1","1"
"党主席朱立","1","1"
"免車型清單","1","1"
"免稅櫃檯前","1","1"
"免影响种族","1","1"
"免为美国制","1","1"
"光西武百貨","1","1"
"光刻设备的","1","1"
"光刻机出口","1","1"
"光刻工艺是","1","1"
"先进的微处","1","1"
"先經濟增長","1","1"
"元的消費稅","1","1"
"元旦前夕宣","1","1"
"元旦假期刚","1","1"
"元旦下午发","1","1"
"元在过去两","1","1"
"元升值等外","1","1"
"元升值的風","1","1"
"允许中国公","1","1"
"儿园就补习","1","1"
"優秀研究者","1","1"
"優先經濟增","1","1"
"像桑拿房一","1","1"
"側的大片區","1","1"
"停市场交易","1","1"
"做鋼琴和吉","1","1"
"做出坚定正","1","1"
"偏远的重灾","1","1"
"假装为军政","1","1"
"假日北上深","1","1"
"值等外部環","1","1"
"债务风险难","1","1"
"候选人赖清","1","1"
"候选人柯文","1","1"
"候歇口气了","1","1"
"候喉嚨好像","1","1"
"們認為飛機","1","1"
"們小跑著來","1","1"
"們將與相關","1","1"
"個避難所避","1","1"
"個國家和地","1","1"
"修改监管框","1","1"
"信息公示显","1","1"
"信息公开道","1","1"
"保護讓日本","1","1"
"保留紹興酒","1","1"
"保安廳表示","1","1"
"保安厅救灾","1","1"
"促使美股在","1","1"
"促严厉对付","1","1"
"侯康配与上","1","1"
"侦获两枚中","1","1"
"侦破中国大","1","1"
"依存度較高","1","1"
"供舒适的出","1","1"
"供的一条龙","1","1"
"供应链传出","1","1"
"例数双双写","1","1"
"來辦理手續","1","1"
"來自海外的","1","1"
"來的最低值","1","1"
"來到自己的","1","1"
"使节期间一","1","1"
"使用中國造","1","1"
"使出各種招","1","1"
"使其更加適","1","1"
"佳总执行长","1","1"
"作第二家园","1","1"
"作為震源的","1","1"
"作為日本車","1","1"
"作日召开机","1","1"
"作品越來越","1","1"
"作为国内恐","1","1"
"何招聘到優","1","1"
"体部门长期","1","1"
"体最新民调","1","1"
"低迷且地方","1","1"
"低時薪約為","1","1"
"低於比亞迪","1","1"
"低廉的开销","1","1"
"位置偏远的","1","1"
"位坐在窗邊","1","1"
"位于黎巴嫩","1","1"
"位中国最高","1","1"
"佈了長達約","1","1"
"但要安全地","1","1"
"但根据科学","1","1"
"但是另一架","1","1"
"但日本首相","1","1"
"但排名下滑","1","1"
"但强调会采","1","1"
"但对两岸关","1","1"
"但始终不见","1","1"
"但出口低迷","1","1"
"但其实更合","1","1"
"但其全球销","1","1"
"但其中大部","1","1"
"但他们不仅","1","1"
"但人手依然","1","1"
"但不至于走","1","1"
"似乎也无意","1","1"
"伦率领总统","1","1"
"伟达创办人","1","1"
"会长张志军","1","1"
"会采取自卫","1","1"
"会进行选举","1","1"
"会有有出人","1","1"
"会有多场政","1","1"
"会是市场的","1","1"
"会影响他在","1","1"
"会外发生致","1","1"
"会出现更多","1","1"
"会会长张志","1","1"
"会不会有有","1","1"
"会上鼓励市","1","1"
"优化整合力","1","1"
"众透过地下","1","1"
"众表示担忧","1","1"
"众有关消灭","1","1"
"众党总统候","1","1"
"休兵背后的","1","1"
"企阿斯麦在","1","1"
"企业盈利的","1","1"
"份殊荣非英","1","1"
"任中国驻美","1","1"
"件销售疲软","1","1"
"件和礦物的","1","1"
"件后迅速起","1","1"
"们露宿公园","1","1"
"们每时每刻","1","1"
"们所发起的","1","1"
"们总是认为","1","1"
"们在逃生时","1","1"
"们图个开门","1","1"
"们凑个热闹","1","1"
"们不仅错了","1","1"
"以色列最高","1","1"
"以色列无人","1","1"
"以色列士兵","1","1"
"以色列国会","1","1"
"以産品製造","1","1"
"以潛入東北","1","1"
"以業務過失","1","1"
"以来的最大","1","1"
"以来所未见","1","1"
"以来全球首","1","1"
"以来一直是","1","1"
"以日本目前","1","1"
"以将它纳入","1","1"
"以实际行动","1","1"
"以大陸為據","1","1"
"以外領域推","1","1"
"以在惡劣環","1","1"
"以哈冲突爆","1","1"
"以及学会利","1","1"
"以及习近平","1","1"
"以减缓每天","1","1"
"以军抓获及","1","1"
"以免影响种","1","1"
"以來的最低","1","1"
"以为迫在眉","1","1"
"以上的樹木","1","1"
"以上的地震","1","1"
"令生效前数","1","1"
"令投资者感","1","1"
"令实施前取","1","1"
"令台湾丢失","1","1"
"令人失望的","1","1"
"令中国经济","1","1"
"代表中国利","1","1"
"代後半期起","1","1"
"付量超过预","1","1"
"付量虽然超","1","1"
"付机构重大","1","1"
"付散播不实","1","1"
"付宝变更为","1","1"
"他被压在底","1","1"
"他而去的还","1","1"
"他的絕佳材","1","1"
"他没有鼓励","1","1"
"他曾多次致","1","1"
"他所有亚洲","1","1"
"他在与美国","1","1"
"他冒着生命","1","1"
"他们露宿公","1","1"
"他们所发起","1","1"
"他们不仅错","1","1"
"他事后虽再","1","1"
"他下台的导","1","1"
"从着火的飞","1","1"
"从生产到消","1","1"
"从小学就开","1","1"
"从历史纪录","1","1"
"仍面临重重","1","1"
"仍落后于中","1","1"
"仍小幅领先","1","1"
"今造成至少","1","1"
"今次的中国","1","1"
"今后将何去","1","1"
"仅都直接进","1","1"
"仅摆脱贫困","1","1"
"仅在圣诞节","1","1"
"什么拯救中","1","1"
"人选择在假","1","1"
"人赵少康说","1","1"
"人赵少康星","1","1"
"人赖清德的","1","1"
"人的孩子从","1","1"
"人每年浪费","1","1"
"人機進行稀","1","1"
"人柳井正談","1","1"
"人柯文哲说","1","1"
"人机星期二","1","1"
"人料到美国","1","1"
"人數世界第","1","1"
"人数已上升","1","1"
"人数同比增","1","1"
"人接撤离令","1","1"
"人据称在酒","1","1"
"人打交道时","1","1"
"人手依然短","1","1"
"人意表的结","1","1"
"人对此回应","1","1"
"人士無奈地","1","1"
"人士以及习","1","1"
"人回应时指","1","1"
"人喜愛的街","1","1"
"人員的工資","1","1"
"人員定義為","1","1"
"人員和高層","1","1"
"人员都成功","1","1"
"人员要前往","1","1"
"人员在短短","1","1"
"人员中有五","1","1"
"人到泰国旅","1","1"
"人到大溪头","1","1"
"人几乎没有","1","1"
"人全部生还","1","1"
"人們小跑著","1","1"
"人侯友宜说","1","1"
"人们凑个热","1","1"
"人乐意选择","1","1"
"人中有五人","1","1"
"人一般上对","1","1"
"京電力控股","1","1"
"京證券交易","1","1"
"京和大阪的","1","1"
"产持续低迷","1","1"
"产品线上市","1","1"
"产到消费的","1","1"
"交部长秦刚","1","1"
"交道时代表","1","1"
"交的贺信中","1","1"
"交易所的市","1","1"
"交易所周三","1","1"
"交易员缩小","1","1"
"交政策令台","1","1"
"交休兵背后","1","1"
"交付量超过","1","1"
"交付量虽然","1","1"
"亡病例数双","1","1"
"亡人数已上","1","1"
"亡人数增至","1","1"
"亞迪此前公","1","1"
"亞迪按季度","1","1"
"亞迪全球銷","1","1"
"些系统对于","1","1"
"些投资者来","1","1"
"些受访的马","1","1"
"些光刻系统","1","1"
"亚迪至此成","1","1"
"亚细安外长","1","1"
"亚太地区表","1","1"
"亚反对党炒","1","1"
"井縣內的高","1","1"
"井正談日企","1","1"
"五根手指后","1","1"
"互联网巨头","1","1"
"互免签安排","1","1"
"于黎巴嫩首","1","1"
"于预计最新","1","1"
"于赵少康的","1","1"
"于走对路还","1","1"
"于走向制宪","1","1"
"于许多道路","1","1"
"于每人每年","1","1"
"于有报道指","1","1"
"于教育都相","1","1"
"于当地时间","1","1"
"于建筑物倒","1","1"
"于央行的下","1","1"
"于华尔街几","1","1"
"于前一天的","1","1"
"于制造先进","1","1"
"于中国车企","1","1"
"于中国竞争","1","1"
"于中国房地","1","1"
"事项变更许","1","1"
"事评论员据","1","1"
"事發後立刻","1","1"
"事故原因時","1","1"
"事后表明无","1","1"
"事后虽再三","1","1"
"事件后迅速","1","1"
"争对手比亚","1","1"
"了阿斯麦公","1","1"
"了遗书和日","1","1"
"了该股评级","1","1"
"了蚂蚁集团","1","1"
"了能登半島","1","1"
"了糟糕的三","1","1"
"了现有监管","1","1"
"了牢固的關","1","1"
"了更大的压","1","1"
"了日本股價","1","1"
"了日本海一","1","1"
"了新年首次","1","1"
"了推進供應","1","1"
"了屁股都彈","1","1"
"了培養人才","1","1"
"了在汽車以","1","1"
"了台军反情","1","1"
"了变更为无","1","1"
"了其他所有","1","1"
"了低廉的开","1","1"
"了他下台的","1","1"
"了世界出口","1","1"
"了一段非同","1","1"
"了一场毛泽","1","1"
"买入中国股","1","1"
"习近平的集","1","1"
"习近平的公","1","1"
"习近平在庆","1","1"
"习近平发表","1","1"
"也需选择一","1","1"
"也门胡塞叛","1","1"
"也避免为美","1","1"
"也進入前十","1","1"
"也沒有發生","1","1"
"也有多栋房","1","1"
"也有乘客驚","1","1"
"也是空中巴","1","1"
"也是快乐无","1","1"
"也无意支持","1","1"
"也提出要着","1","1"
"也成为大马","1","1"
"也就是原创","1","1"
"也就是一年","1","1"
"也将会是市","1","1"
"九个邦交国","1","1"
"乘客驚慌失","1","1"
"乘客親述逃","1","1"
"乘客们在逃","1","1"
"乘客事發後","1","1"
"乐意选择泰","1","1"
"乐巨头迪士","1","1"
"乐会外发生","1","1"
"乏善可陈的","1","1"
"乎没有表现","1","1"
"乎没有人料","1","1"
"乎所有人的","1","1"
"乎也无意支","1","1"
"么拯救中国","1","1"
"久居民的身","1","1"
"久互免签安","1","1"
"举行总统和","1","1"
"举剩不到两","1","1"
"主要乘用車","1","1"
"主流民意为","1","1"
"主播山内泉","1","1"
"主席阿鲁里","1","1"
"主席朱立伦","1","1"
"主席习近平","1","1"
"主党党首李","1","1"
"为迫在眉睫","1","1"
"为这意味着","1","1"
"为美国制造","1","1"
"为游客提供","1","1"
"为抵抗武装","1","1"
"为大马人乐","1","1"
"为国内恐怖","1","1"
"为吸引大马","1","1"
"为华人一般","1","1"
"为军政府服","1","1"
"为全球最大","1","1"
"为了世界出","1","1"
"临重重挑战","1","1"
"中華料理店","1","1"
"中美對立的","1","1"
"中美关系稳","1","1"
"中美两国建","1","1"
"中科院優秀","1","1"
"中的各县市","1","1"
"中有五人遇","1","1"
"中有五人死","1","1"
"中層管理人","1","1"
"中大部分发","1","1"
"中國造電池","1","1"
"中國科學院","1","1"
"中國大陸和","1","1"
"中国驻美国","1","1"
"中国通过投","1","1"
"中国车企比","1","1"
"中国足球要","1","1"
"中国足球的","1","1"
"中国足球出","1","1"
"中国足协开","1","1"
"中国股票的","1","1"
"中国股市是","1","1"
"中国经济的","1","1"
"中国经济和","1","1"
"中国第三艘","1","1"
"中国竞争对","1","1"
"中国的部分","1","1"
"中国甘肃省","1","1"
"中国海局势","1","1"
"中国最高领","1","1"
"中国文化和","1","1"
"中国政府带","1","1"
"中国政府公","1","1"
"中国房地产","1","1"
"中国将从今","1","1"
"中国实现了","1","1"
"中国媒体在","1","1"
"中国央行官","1","1"
"中国大陆间","1","1"
"中国大陆谈","1","1"
"中国大陆海","1","1"
"中国大陆探","1","1"
"中国大陆将","1","1"
"中国外交部","1","1"
"中国国家主","1","1"
"中国国内旅","1","1"
"中国利益的","1","1"
"中国出口光","1","1"
"中国出口一","1","1"
"中国内地游","1","1"
"中国公民通","1","1"
"中国互联网","1","1"
"中华民国宪","1","1"
"中包括新加","1","1"
"中共内部调","1","1"
"中为抵抗武","1","1"
"中东水域的","1","1"
"个邦交国等","1","1"
"个曾经炙手","1","1"
"个旅游团最","1","1"
"个开门大吉","1","1"
"个工作日召","1","1"
"並未因地震","1","1"
"严厉对付散","1","1"
"两者有段差","1","1"
"两款对华光","1","1"
"两枚中国大","1","1"
"两岸关系和","1","1"
"两岸关系协","1","1"
"两地民众有","1","1"
"两国建交的","1","1"
"两党去年签","1","1"
"丢失九个邦","1","1"
"东部海岸地","1","1"
"东水域的福","1","1"
"东去世引发","1","1"
"东京和大阪","1","1"
"业者所提供","1","1"
"业经历了糟","1","1"
"业盈利的复","1","1"
"业务部门之","1","1"
"世界出口巨","1","1"
"世引发纷乱","1","1"
"且错得离谱","1","1"
"且耐熱性強","1","1"
"且看一年之","1","1"
"且地方政府","1","1"
"专门针对麦","1","1"
"与美国人打","1","1"
"与此前中国","1","1"
"与柯盈配支","1","1"
"与中国大陆","1","1"
"与上月中旬","1","1"
"与一架海上","1","1"
"与一架日本","1","1"
"不过经确认","1","1"
"不至于走向","1","1"
"不符合当前","1","1"
"不易被日元","1","1"
"不斷有外國","1","1"
"不实消息的","1","1"
"不实信息公","1","1"
"不到两周之","1","1"
"不会有有出","1","1"
"不会投蓝的","1","1"
"不仅都直接","1","1"
"不仅摆脱贫","1","1"
"不仅在圣诞","1","1"
"不久后进行","1","1"
"下钱庄涉嫌","1","1"
"下逃生不及","1","1"
"下调了该股","1","1"
"下無人機進","1","1"
"下滑四个百","1","1"
"下名声响遍","1","1"
"下台的导火","1","1"
"下午发生规","1","1"
"下來是奇蹟","1","1"
"下了遗书和","1","1"
"下一步行动","1","1"
"上鼓励市县","1","1"
"上超出了现","1","1"
"上经济势头","1","1"
"上的樹木加","1","1"
"上的所有乘","1","1"
"上的六人中","1","1"
"上深圳吃喝","1","1"
"上月中旬相","1","1"
"上掀起讨论","1","1"
"上指新加坡","1","1"
"上市的主要","1","1"
"上市企業中","1","1"
"上对于教育","1","1"
"上升到至少","1","1"
"上加强监管","1","1"
"上六名人员","1","1"
"上保安廳表","1","1"
"上保安厅救","1","1"
"上万游客涌","1","1"
"三连冠的可","1","1"
"三菱食品的","1","1"
"三艘航空母","1","1"
"三灭火澄清","1","1"
"三条电磁弹","1","1"
"三星半导体","1","1"
"三在没有说","1","1"
"万游客涌入","1","1"
"万令吉赔偿","1","1"
"万人接撤离","1","1"
"一项旨在削","1","1"
"一行人到大","1","1"
"一艘马士基","1","1"
"一般上对于","1","1"
"一群在城市","1","1"
"一納入的日","1","1"
"一直有婚外","1","1"
"一直是集团","1","1"
"一波海啸已","1","1"
"一水平接近","1","1"
"一段非同寻","1","1"
"一架飞机在","1","1"
"一架碰撞海","1","1"
"一架海上保","1","1"
"一架日本海","1","1"
"一条龙配套","1","1"
"一年采取强","1","1"
"一带星期一","1","1"
"一定势在必","1","1"
"一天的强烈","1","1"
"一大卖点之","1","1"
"一场毛泽东","1","1"
"一周冠病确","1","1"
"一周令投资","1","1"
"一名四岁男","1","1"
"一名以色列","1","1"
"一元旦下午","1","1"
"一側的大片","1","1"
"一位学者说","1","1"
"一位坐在窗","1","1"
"一些投资者","1","1"
"一些受访的","1","1"
"一些光刻系","1","1"
"一个工作日","1","1"
"一个交易日","1","1"
